vital_year,hsu_id,hsu_name_fr,hsu_name_ar,region_macro,pop_estimated_total,births_muslim,births_jewish,births_french,births_italian,births_other_european,births_total,deaths_muslim,deaths_jewish,deaths_french,deaths_italian,deaths_other_european,deaths_total,infant_deaths_under1,marriages_recorded,crude_birth_rate_per_1000,crude_death_rate_per_1000,infant_mortality_rate_per_1000,rate_of_natural_increase_pct
1911,HSU_TUNIS,Tunis & Banlieue,تونس وضواحيها,North-East,183997,4423,487,624,646,91,6271,2561,229,300,311,45,3446,868,1380,34.08,18.73,138.4,1.54
1911,HSU_BIZERTE,Bizerte Maritime,بنزرت الكبرى,North-East,67465,2065,35,157,137,17,2411,1196,17,76,66,9,1364,367,506,35.74,20.22,152.2,1.55
1911,HSU_MATEUR,Mateur - Ichkeul,ماطر والإشكل,North-East,31891,1134,9,23,20,2,1188,656,4,11,10,1,682,191,239,37.25,21.39,160.8,1.59
1911,HSU_TEBOURBA,Tébourba - Basse Medjerda,طبربة ومجاز المجردة السفلى,North-East,28212,985,11,22,26,3,1047,570,5,11,13,1,600,167,212,37.11,21.27,159.5,1.58
1911,HSU_BEJA,Béja,باجة,North-West,52746,2060,23,44,29,4,2160,1275,11,21,14,2,1323,347,396,40.95,25.08,160.6,1.59
1911,HSU_MEDJEZ_EL_BAB,Medjez el-Bab & Testour,مجاز الباب وتستور,North-West,34345,1333,11,32,23,3,1402,825,5,15,11,1,857,225,258,40.82,24.95,160.5,1.59
1911,HSU_NEFZA,Nefza & Littoral Kroumir,نفزة والشمال الغربي,North-West,22080,915,1,4,3,0,923,566,0,2,1,0,569,152,166,41.8,25.77,164.7,1.6
1911,HSU_SOUK_EL_ARBA,Jendouba (Souk el-Arba),جندوبة (سوق الأربعاء),North-West,44159,1752,11,31,20,3,1817,1085,5,15,10,1,1116,294,331,41.15,25.27,161.8,1.59
1911,HSU_SOUK_EL_KHEMIS,Boussalem (Souk el-Khemis),بوسالم (سوق الخميس),North-West,30665,1254,2,12,6,1,1275,776,1,6,3,0,786,208,230,41.58,25.63,163.1,1.59
1911,HSU_AIN_DRAHAM,Aïn Draham,عين دراهم,North-West,22080,881,2,18,8,1,910,546,1,8,4,1,560,148,166,41.21,25.36,162.6,1.59
1911,HSU_TABARKA,Tabarka,طبرقة,North-West,19625,770,3,16,13,2,804,477,2,8,6,1,494,130,147,40.97,25.17,161.7,1.58
1911,HSU_GHARDIMAOU,Ghardimaou,غار الدماء,North-West,22079,910,1,5,4,0,920,563,1,3,2,0,569,151,166,41.67,25.77,164.1,1.59
1911,HSU_LE_KEF,Le Kef,الكاف,North-West,44159,1752,16,27,20,3,1818,1085,8,13,10,1,1117,294,331,41.17,25.29,161.7,1.59
1911,HSU_DAHMANI,Dahmani (Ebba Ksour),الدهماني (القصور),North-West,29439,1209,2,8,7,1,1227,748,1,4,3,0,756,201,221,41.68,25.68,163.8,1.6
1911,HSU_TEBOURSOUK,Téboursouk & Dougga,تبرسق ودقة,North-West,28212,1140,7,11,10,1,1169,706,3,5,5,1,720,190,212,41.44,25.52,162.5,1.59
1911,HSU_SERS,Le Sers,السرس,North-West,22080,910,1,5,3,0,919,563,1,3,2,0,569,151,166,41.62,25.77,164.3,1.59
1911,HSU_CAP_BON,Grombalia & Cap Bon Ouest,قرمبالية وغرب الوطن القبلي,North-East,34347,1179,8,30,47,3,1267,682,4,14,23,2,725,201,258,36.89,21.11,158.6,1.58
1911,HSU_NABEUL,Nabeul & Hammamet,نابل والحمامات,North-East,47839,1659,51,31,34,3,1778,960,24,15,16,2,1017,283,359,37.17,21.26,159.2,1.59
1911,HSU_SOLIMAN,Soliman & Mornag,سليمان ومرناق,North-East,28213,1011,5,15,21,2,1054,585,2,7,10,1,605,170,212,37.36,21.44,161.3,1.59
1911,HSU_MENZEL_TEMIME,Menzel Temime & Cap Bon Est,منزل تميم وشرق الوطن القبلي,North-East,46612,1703,13,15,20,2,1753,986,6,7,10,1,1010,285,350,37.61,21.67,162.6,1.59
1911,HSU_ZAGHOUAN,Zaghouan,زغوان,North-East,30666,1103,5,20,16,2,1146,638,2,10,8,1,659,185,230,37.37,21.49,161.4,1.59
1911,HSU_SOUSSE,Sousse & Sahel Nord,سوسة وشمال الساحل,Sahel/Center-East,96905,3287,73,90,107,14,3571,1903,34,43,52,7,2039,564,727,36.85,21.04,157.9,1.58
1911,HSU_MONASTIR,Monastir & Sahel Central,المنستير ووسط الساحل,Sahel/Center-East,71146,2609,29,18,20,2,2678,1511,14,9,10,1,1545,436,534,37.64,21.72,162.8,1.59
1911,HSU_MAHDIA,Mahdia & Sahel Sud,المهدية وجنوب الساحل,Sahel/Center-East,50292,1829,16,18,23,2,1888,1059,7,9,11,1,1087,306,377,37.54,21.61,162.1,1.59
1911,HSU_ENFIDHA,Enfidha,النفيضة,Sahel/Center-East,4907,158,1,12,6,1,178,91,0,6,3,0,100,28,37,36.27,20.38,157.3,1.59
1911,HSU_KAIROUAN,Kairouan,القيروان,Center-West,63785,2572,22,25,20,2,2641,1592,10,12,10,1,1625,430,478,41.4,25.48,162.8,1.59
1911,HSU_SOUASSI,Les Souassi,السواسي,Sahel/Center-East,34347,1298,1,2,2,0,1303,752,1,1,1,0,755,215,258,37.94,21.98,165.0,1.6
1911,HSU_MAKTAR,Maktar & Siliana,مكثر وسليانة,Center-West,33119,1347,4,13,10,1,1375,834,2,6,5,1,848,224,248,41.52,25.6,162.9,1.59
1911,HSU_THALA,Thala,تالة,Center-West,34346,1408,4,11,7,1,1431,871,2,5,3,0,881,234,258,41.66,25.65,163.5,1.6
1911,HSU_SBEITLA,Sbeïtla,سبيطلة,Center-West,26985,1118,1,5,3,0,1127,692,0,2,2,0,696,185,202,41.76,25.79,164.2,1.6
1911,HSU_KASSERINE,Kasserine,القصرين,Center-West,22079,919,1,3,2,0,925,569,0,1,1,0,571,152,166,41.9,25.86,164.3,1.6
1911,HSU_SFAX,Sfax,صفاقس,South,88317,3303,79,86,91,11,3570,2045,37,41,44,5,2172,565,662,40.42,24.59,158.3,1.58
1911,HSU_DJEBINIANA,Djebeniana,جبنيانة,South,31893,1326,2,3,4,0,1335,821,1,1,2,0,825,219,239,41.86,25.87,164.0,1.6
1911,HSU_EL_DJEM,El Djem,الجم,Sahel/Center-East,26987,1001,3,6,7,1,1018,580,1,3,3,0,587,166,202,37.72,21.75,163.1,1.6
1911,HSU_KERKENNAH,Kerkennah,قرقنة,South,9813,410,0,0,1,0,411,254,0,0,0,0,254,68,74,41.88,25.88,165.5,1.6
1911,HSU_GAFSA,Gafsa & Bassin Minier,قفصة والحوض المنجمي,South,47839,1812,30,45,48,5,1940,1122,14,21,23,3,1183,309,359,40.55,24.73,159.3,1.58
1911,HSU_TOZEUR,Tozeur (Djérid),توزر (الجريد),South,34348,1380,22,11,8,1,1422,854,10,5,4,1,874,231,258,41.4,25.45,162.4,1.6
1911,HSU_SIDI_BOU_ZID,Sidi Bouzid,سيدي بوزيد,Center-West,24533,1023,1,2,2,0,1028,633,0,1,1,0,635,169,184,41.9,25.88,164.4,1.6
1911,HSU_GABES,Gabès Littoral,قابس,South,40480,1555,38,31,25,3,1652,962,18,15,12,2,1009,264,304,40.81,24.93,159.8,1.59
1911,HSU_DJERBA,Djerba,جربة,South,38026,1383,131,12,13,1,1540,856,62,6,6,1,931,240,285,40.5,24.48,155.8,1.6
1911,HSU_MEDENINE,Médenine & Zarzis,مدنين وجرجيس,South,58879,2399,26,13,10,1,2449,1485,12,6,5,1,1509,400,442,41.59,25.63,163.3,1.6
1911,HSU_TATAOUINE,Tataouine,تطاوين,South,24533,1013,8,3,1,0,1025,627,4,1,1,0,633,168,184,41.78,25.8,163.9,1.6
1911,HSU_KEBILI,Kébili & Nefzaoua,قبلي ونفزاوة,South,33120,1382,3,2,1,0,1388,856,2,1,0,0,859,228,248,41.91,25.94,164.3,1.6
1911,HSU_MATMATA,Matmata,مطماطة,South,12267,513,0,0,0,0,513,318,0,0,0,0,318,85,92,41.82,25.92,165.7,1.59
1921,HSU_TUNIS,Tunis & Banlieue,تونس وضواحيها,North-East,216466,5203,574,734,760,107,7378,3012,269,352,366,53,4052,1022,1623,34.08,18.72,138.5,1.54
1921,HSU_BIZERTE,Bizerte Maritime,بنزرت الكبرى,North-East,79371,2430,42,185,161,20,2838,1407,19,89,77,10,1602,432,595,35.76,20.18,152.2,1.56
1921,HSU_MATEUR,Mateur - Ichkeul,ماطر والإشكل,North-East,37520,1334,11,27,24,3,1399,772,5,13,11,1,802,225,281,37.29,21.38,160.8,1.59
1921,HSU_TEBOURBA,Tébourba - Basse Medjerda,طبربة ومجاز المجردة السفلى,North-East,33191,1158,13,26,31,3,1231,671,6,12,15,1,705,197,249,37.09,21.24,160.0,1.58
1921,HSU_BEJA,Béja,باجة,North-West,62054,2423,27,51,35,5,2541,1500,13,25,17,2,1557,409,465,40.95,25.09,161.0,1.59
1921,HSU_MEDJEZ_EL_BAB,Medjez el-Bab & Testour,مجاز الباب وتستور,North-West,40406,1568,13,38,27,3,1649,971,6,18,13,2,1010,265,303,40.81,25.0,160.7,1.58
1921,HSU_NEFZA,Nefza & Littoral Kroumir,نفزة والشمال الغربي,North-West,25976,1076,1,5,3,0,1085,666,0,2,1,0,669,178,195,41.77,25.75,164.1,1.6
1921,HSU_SOUK_EL_ARBA,Jendouba (Souk el-Arba),جندوبة (سوق الأربعاء),North-West,51951,2061,13,37,23,3,2137,1276,6,18,11,2,1313,346,390,41.13,25.27,161.9,1.59
1921,HSU_SOUK_EL_KHEMIS,Boussalem (Souk el-Khemis),بوسالم (سوق الخميس),North-West,36078,1475,2,14,7,1,1499,913,1,7,3,1,925,245,271,41.55,25.64,163.4,1.59
1921,HSU_AIN_DRAHAM,Aïn Draham,عين دراهم,North-West,25976,1037,3,21,9,1,1071,642,1,10,4,1,658,174,195,41.23,25.33,162.5,1.59
1921,HSU_TABARKA,Tabarka,طبرقة,North-West,23089,906,4,18,16,2,946,561,2,9,8,1,581,152,173,40.97,25.16,160.7,1.58
1921,HSU_GHARDIMAOU,Ghardimaou,غار الدماء,North-West,25976,1071,2,6,4,0,1083,663,1,3,2,0,669,178,195,41.69,25.75,164.4,1.59
1921,HSU_LE_KEF,Le Kef,الكاف,North-West,51952,2061,19,32,24,3,2139,1276,9,15,11,1,1312,346,390,41.17,25.25,161.8,1.59
1921,HSU_DAHMANI,Dahmani (Ebba Ksour),الدهماني (القصور),North-West,34634,1422,2,10,8,1,1443,880,1,5,4,0,890,236,260,41.66,25.7,163.5,1.6
1921,HSU_TEBOURSOUK,Téboursouk & Dougga,تبرسق ودقة,North-West,33191,1342,8,13,12,1,1376,830,4,6,6,1,847,224,249,41.46,25.52,162.8,1.59
1921,HSU_SERS,Le Sers,السرس,North-West,25976,1071,2,6,4,1,1084,663,1,3,2,0,669,178,195,41.73,25.75,164.2,1.6
1921,HSU_CAP_BON,Grombalia & Cap Bon Ouest,قرمبالية وغرب الوطن القبلي,North-East,40407,1387,10,35,56,4,1492,803,5,17,27,2,854,237,303,36.92,21.13,158.8,1.58
1921,HSU_NABEUL,Nabeul & Hammamet,نابل والحمامات,North-East,56281,1951,60,36,40,4,2091,1130,28,17,19,2,1196,332,422,37.15,21.25,158.8,1.59
1921,HSU_SOLIMAN,Soliman & Mornag,سليمان ومرناق,North-East,33191,1189,6,17,25,2,1239,688,3,8,12,1,712,200,249,37.33,21.45,161.4,1.59
1921,HSU_MENZEL_TEMIME,Menzel Temime & Cap Bon Est,منزل تميم وشرق الوطن القبلي,North-East,54837,2003,15,18,23,2,2061,1160,7,8,11,1,1187,335,411,37.58,21.65,162.5,1.59
1921,HSU_ZAGHOUAN,Zaghouan,زغوان,North-East,36077,1297,6,24,19,2,1348,751,3,11,9,1,775,218,271,37.36,21.48,161.7,1.59
1921,HSU_SOUSSE,Sousse & Sahel Nord,سوسة وشمال الساحل,Sahel/Center-East,114006,3867,86,106,126,17,4202,2239,40,51,61,8,2399,663,855,36.86,21.04,157.8,1.58
1921,HSU_MONASTIR,Monastir & Sahel Central,المنستير ووسط الساحل,Sahel/Center-East,83701,3070,34,22,24,2,3152,1777,16,10,12,1,1816,513,628,37.66,21.7,162.8,1.6
1921,HSU_MAHDIA,Mahdia & Sahel Sud,المهدية وجنوب الساحل,Sahel/Center-East,59168,2152,18,21,27,3,2221,1246,9,10,13,1,1279,360,444,37.54,21.62,162.1,1.59
1921,HSU_ENFIDHA,Enfidha,النفيضة,Sahel/Center-East,5772,186,1,14,7,1,209,108,0,7,3,1,119,32,43,36.21,20.62,153.1,1.56
1921,HSU_KAIROUAN,Kairouan,القيروان,Center-West,75041,3026,26,30,24,3,3109,1873,12,14,11,1,1911,506,563,41.43,25.47,162.8,1.6
1921,HSU_SOUASSI,Les Souassi,السواسي,Sahel/Center-East,40407,1528,1,2,2,0,1533,884,1,1,1,0,887,252,303,37.94,21.95,164.4,1.6
1921,HSU_MAKTAR,Maktar & Siliana,مكثر وسليانة,Center-West,38964,1584,4,16,12,1,1617,981,2,8,6,1,998,264,292,41.5,25.61,163.3,1.59
1921,HSU_THALA,Thala,تالة,Center-West,40407,1656,4,12,8,1,1681,1025,2,6,4,0,1037,275,303,41.6,25.66,163.6,1.59
1921,HSU_SBEITLA,Sbeïtla,سبيطلة,Center-West,31748,1316,1,6,4,0,1327,814,0,3,2,0,819,218,238,41.8,25.8,164.3,1.6
1921,HSU_KASSERINE,Kasserine,القصرين,Center-West,25976,1081,1,3,2,0,1087,669,0,2,1,0,672,179,195,41.85,25.87,164.7,1.6
1921,HSU_SFAX,Sfax,صفاقس,South,103903,3886,93,101,107,13,4200,2406,44,48,51,6,2555,665,779,40.42,24.59,158.3,1.58
1921,HSU_DJEBINIANA,Djebeniana,جبنيانة,South,37521,1560,2,3,4,0,1569,966,1,2,2,0,971,258,281,41.82,25.88,164.4,1.59
1921,HSU_EL_DJEM,El Djem,الجم,Sahel/Center-East,31748,1178,4,7,8,1,1198,682,2,4,4,0,692,196,238,37.73,21.8,163.6,1.59
1921,HSU_KERKENNAH,Kerkennah,قرقنة,South,11545,482,0,0,1,0,483,299,0,0,0,0,299,80,87,41.84,25.9,165.6,1.59
1921,HSU_GAFSA,Gafsa & Bassin Minier,قفصة والحوض المنجمي,South,56282,2132,35,53,56,6,2282,1320,17,25,27,3,1392,363,422,40.55,24.73,159.1,1.58
1921,HSU_TOZEUR,Tozeur (Djérid),توزر (الجريد),South,40408,1624,26,13,10,1,1674,1005,12,6,5,1,1029,272,303,41.43,25.47,162.5,1.6
1921,HSU_SIDI_BOU_ZID,Sidi Bouzid,سيدي بوزيد,Center-West,28862,1203,1,3,2,0,1209,745,0,1,1,0,747,199,216,41.89,25.88,164.6,1.6
1921,HSU_GABES,Gabès Littoral,قابس,South,47623,1829,45,36,29,4,1943,1132,21,17,14,2,1186,310,357,40.8,24.9,159.5,1.59
1921,HSU_DJERBA,Djerba,جربة,South,44737,1627,155,14,15,1,1812,1007,73,7,7,1,1095,282,336,40.5,24.48,155.6,1.6
1921,HSU_MEDENINE,Médenine & Zarzis,مدنين وجرجيس,South,69269,2823,30,15,12,1,2881,1747,14,7,6,1,1775,470,520,41.59,25.62,163.1,1.6
1921,HSU_TATAOUINE,Tataouine,تطاوين,South,28862,1192,9,3,2,0,1206,738,4,1,1,0,744,198,216,41.79,25.78,164.2,1.6
1921,HSU_KEBILI,Kébili & Nefzaoua,قبلي ونفزاوة,South,38964,1626,4,2,1,0,1633,1007,2,1,1,0,1011,269,292,41.91,25.95,164.7,1.6
1921,HSU_MATMATA,Matmata,مطماطة,South,14431,604,0,1,0,0,605,374,0,0,0,0,374,100,108,41.92,25.92,165.3,1.6
1926,HSU_TUNIS,Tunis & Banlieue,تونس وضواحيها,North-East,223265,5102,592,840,869,122,7525,2954,277,403,419,61,4114,1024,1674,33.7,18.43,136.1,1.53
1926,HSU_BIZERTE,Bizerte Maritime,بنزرت الكبرى,North-East,81864,2445,43,212,184,23,2907,1416,20,102,88,12,1638,438,614,35.51,20.01,150.7,1.55
1926,HSU_MATEUR,Mateur - Ichkeul,ماطر والإشكل,North-East,38699,1367,11,31,27,3,1439,791,5,15,13,2,826,231,290,37.18,21.34,160.5,1.58
1926,HSU_TEBOURBA,Tébourba - Basse Medjerda,طبربة ومجاز المجردة السفلى,North-East,34234,1185,13,30,36,3,1267,686,6,14,17,2,725,202,257,37.01,21.18,159.4,1.58
1926,HSU_BEJA,Béja,باجة,North-West,64002,2483,28,59,40,5,2615,1537,13,28,19,3,1600,420,480,40.86,25.0,160.6,1.59
1926,HSU_MEDJEZ_EL_BAB,Medjez el-Bab & Testour,مجاز الباب وتستور,North-West,41675,1605,14,43,31,4,1697,993,6,21,15,2,1037,272,313,40.72,24.88,160.3,1.58
1926,HSU_NEFZA,Nefza & Littoral Kroumir,نفزة والشمال الغربي,North-West,26792,1109,1,6,3,0,1119,686,0,3,2,0,691,184,201,41.77,25.79,164.4,1.6
1926,HSU_SOUK_EL_ARBA,Jendouba (Souk el-Arba),جندوبة (سوق الأربعاء),North-West,53584,2114,14,42,27,4,2201,1309,6,20,13,2,1350,355,402,41.08,25.19,161.3,1.59
1926,HSU_SOUK_EL_KHEMIS,Boussalem (Souk el-Khemis),بوسالم (سوق الخميس),North-West,37211,1517,2,16,8,1,1544,939,1,8,4,1,953,252,279,41.49,25.61,163.2,1.59
1926,HSU_AIN_DRAHAM,Aïn Draham,عين دراهم,North-West,26792,1064,3,24,10,2,1103,659,1,11,5,1,677,178,201,41.17,25.27,161.4,1.59
1926,HSU_TABARKA,Tabarka,طبرقة,North-West,23815,928,4,21,18,2,973,574,2,10,9,1,596,156,179,40.86,25.03,160.3,1.58
1926,HSU_GHARDIMAOU,Ghardimaou,غار الدماء,North-West,26792,1102,2,7,5,1,1117,682,1,3,2,0,688,183,201,41.69,25.68,163.8,1.6
1926,HSU_LE_KEF,Le Kef,الكاف,North-West,53584,2115,20,37,27,3,2202,1309,9,18,13,2,1351,356,402,41.09,25.21,161.7,1.59
1926,HSU_DAHMANI,Dahmani (Ebba Ksour),الدهماني (القصور),North-West,35722,1463,2,11,9,1,1486,906,1,5,4,1,917,243,268,41.6,25.67,163.5,1.59
1926,HSU_TEBOURSOUK,Téboursouk & Dougga,تبرسق ودقة,North-West,34234,1379,8,15,13,2,1417,854,4,7,6,1,872,230,257,41.39,25.47,162.3,1.59
1926,HSU_SERS,Le Sers,السرس,North-West,26792,1102,2,7,5,1,1117,682,1,4,2,0,689,183,201,41.69,25.72,163.8,1.6
1926,HSU_CAP_BON,Grombalia & Cap Bon Ouest,قرمبالية وغرب الوطن القبلي,North-East,41676,1415,10,40,64,5,1534,819,5,19,31,2,876,242,313,36.81,21.02,157.8,1.58
1926,HSU_NABEUL,Nabeul & Hammamet,نابل والحمامات,North-East,58049,1999,62,41,45,4,2151,1158,29,20,22,2,1231,341,435,37.05,21.21,158.5,1.58
1926,HSU_SOLIMAN,Soliman & Mornag,سليمان ومرناق,North-East,34234,1219,6,20,29,3,1277,706,3,10,14,1,734,205,257,37.3,21.44,160.5,1.59
1926,HSU_MENZEL_TEMIME,Menzel Temime & Cap Bon Est,منزل تميم وشرق الوطن القبلي,North-East,56561,2059,15,20,27,2,2123,1192,7,10,13,1,1223,345,424,37.53,21.62,162.5,1.59
1926,HSU_ZAGHOUAN,Zaghouan,زغوان,North-East,37210,1331,6,27,22,3,1389,770,3,13,11,1,798,224,279,37.33,21.45,161.3,1.59
1926,HSU_SOUSSE,Sousse & Sahel Nord,سوسة وشمال الساحل,Sahel/Center-East,117586,3948,89,121,145,19,4322,2285,42,58,70,10,2465,679,882,36.76,20.96,157.1,1.58
1926,HSU_MONASTIR,Monastir & Sahel Central,المنستير ووسط الساحل,Sahel/Center-East,86329,3158,35,25,27,3,3248,1829,17,12,13,1,1872,528,647,37.62,21.68,162.6,1.59
1926,HSU_MAHDIA,Mahdia & Sahel Sud,المهدية وجنوب الساحل,Sahel/Center-East,61026,2211,19,25,31,3,2289,1280,9,12,15,2,1318,371,458,37.51,21.6,162.1,1.59
1926,HSU_ENFIDHA,Enfidha,النفيضة,Sahel/Center-East,5954,188,1,16,8,1,214,109,0,8,4,1,122,33,45,35.94,20.49,154.2,1.55
1926,HSU_KAIROUAN,Kairouan,القيروان,Center-West,77398,3111,27,34,27,3,3202,1926,12,16,13,2,1969,520,580,41.37,25.44,162.4,1.59
1926,HSU_SOUASSI,Les Souassi,السواسي,Sahel/Center-East,41676,1575,1,2,2,0,1580,912,1,1,1,0,915,260,313,37.91,21.96,164.6,1.6
1926,HSU_MAKTAR,Maktar & Siliana,مكثر وسليانة,Center-West,40188,1629,4,18,13,1,1665,1008,2,9,6,1,1026,271,301,41.43,25.53,162.8,1.59
1926,HSU_THALA,Thala,تالة,Center-West,41676,1704,4,14,10,1,1733,1055,2,7,5,1,1070,283,313,41.58,25.67,163.3,1.59
1926,HSU_SBEITLA,Sbeïtla,سبيطلة,Center-West,32745,1355,1,7,4,1,1368,839,0,3,2,0,844,225,246,41.78,25.77,164.5,1.6
1926,HSU_KASSERINE,Kasserine,القصرين,Center-West,26792,1114,1,4,2,0,1121,690,0,2,1,0,693,184,201,41.84,25.87,164.1,1.6
1926,HSU_SFAX,Sfax,صفاقس,South,107166,3968,96,115,122,15,4316,2456,45,55,59,7,2622,681,804,40.27,24.47,157.8,1.58
1926,HSU_DJEBINIANA,Djebeniana,جبنيانة,South,38699,1607,2,4,5,0,1618,995,1,2,2,0,1000,266,290,41.81,25.84,164.4,1.6
1926,HSU_EL_DJEM,El Djem,الجم,Sahel/Center-East,32746,1212,4,8,10,1,1235,702,2,4,5,0,713,202,246,37.71,21.77,163.6,1.59
1926,HSU_KERKENNAH,Kerkennah,قرقنة,South,11907,497,0,1,1,0,499,308,0,0,0,0,308,82,89,41.91,25.87,164.3,1.6
1926,HSU_GAFSA,Gafsa & Bassin Minier,قفصة والحوض المنجمي,South,58049,2177,36,60,64,7,2344,1348,17,29,31,3,1428,372,435,40.38,24.6,158.7,1.58
1926,HSU_TOZEUR,Tozeur (Djérid),توزر (الجريد),South,41676,1670,27,15,11,1,1724,1034,13,7,5,1,1060,280,313,41.37,25.43,162.4,1.59
1926,HSU_SIDI_BOU_ZID,Sidi Bouzid,سيدي بوزيد,Center-West,29769,1240,1,3,2,0,1246,768,0,1,1,0,770,205,223,41.86,25.87,164.5,1.6
1926,HSU_GABES,Gabès Littoral,قابس,South,49118,1874,46,42,33,4,1999,1160,22,20,16,2,1220,319,368,40.7,24.84,159.6,1.59
1926,HSU_DJERBA,Djerba,جربة,South,46141,1672,160,16,18,2,1868,1035,75,8,9,1,1128,291,346,40.48,24.45,155.8,1.6
1926,HSU_MEDENINE,Médenine & Zarzis,مدنين وجرجيس,South,71445,2906,31,17,14,2,2970,1799,15,8,7,1,1830,484,536,41.57,25.61,163.0,1.6
1926,HSU_TATAOUINE,Tataouine,تطاوين,South,29769,1229,10,4,2,0,1245,761,4,2,1,0,768,204,223,41.82,25.8,163.9,1.6
1926,HSU_KEBILI,Kébili & Nefzaoua,قبلي ونفزاوة,South,40187,1677,4,2,1,0,1684,1038,2,1,1,0,1042,277,301,41.9,25.93,164.5,1.6
1926,HSU_MATMATA,Matmata,مطماطة,South,14884,623,0,1,0,0,624,386,0,0,0,0,386,103,112,41.92,25.93,165.1,1.6
1931,HSU_TUNIS,Tunis & Banlieue,تونس وضواحيها,North-East,249210,5333,660,1052,1088,153,8286,3087,310,505,524,77,4503,1101,1869,33.25,18.07,132.9,1.52
1931,HSU_BIZERTE,Bizerte Maritime,بنزرت الكبرى,North-East,91378,2647,48,265,230,29,3219,1532,22,127,111,14,1806,480,685,35.23,19.76,149.1,1.55
1931,HSU_MATEUR,Mateur - Ichkeul,ماطر والإشكل,North-East,43197,1514,12,39,34,4,1603,876,6,19,16,2,919,256,324,37.11,21.27,159.7,1.58
1931,HSU_TEBOURBA,Tébourba - Basse Medjerda,طبربة ومجاز المجردة السفلى,North-East,38212,1309,15,37,45,4,1410,758,7,18,21,2,806,224,287,36.9,21.09,158.9,1.58
1931,HSU_BEJA,Béja,باجة,North-West,71440,2748,31,74,50,7,2910,1701,15,35,24,3,1778,466,536,40.73,24.89,160.1,1.58
1931,HSU_MEDJEZ_EL_BAB,Medjez el-Bab & Testour,مجاز الباب وتستور,North-West,46519,1774,15,54,39,5,1887,1098,7,26,19,2,1152,301,349,40.56,24.76,159.5,1.58
1931,HSU_NEFZA,Nefza & Littoral Kroumir,نفزة والشمال الغربي,North-West,29905,1236,1,7,4,1,1249,765,0,3,2,0,770,205,224,41.77,25.75,164.1,1.6
1931,HSU_SOUK_EL_ARBA,Jendouba (Souk el-Arba),جندوبة (سوق الأربعاء),North-West,59811,2344,15,53,34,4,2450,1451,7,25,16,2,1501,395,449,40.96,25.1,161.2,1.59
1931,HSU_SOUK_EL_KHEMIS,Boussalem (Souk el-Khemis),بوسالم (سوق الخميس),North-West,41535,1688,3,21,10,2,1724,1045,1,10,5,1,1062,281,312,41.51,25.57,163.0,1.59
1931,HSU_AIN_DRAHAM,Aïn Draham,عين دراهم,North-West,29905,1180,3,30,13,2,1228,730,1,14,6,1,752,198,224,41.06,25.15,161.2,1.59
1931,HSU_TABARKA,Tabarka,طبرقة,North-West,26583,1026,5,27,22,3,1083,635,2,13,11,1,662,174,199,40.74,24.9,160.7,1.58
1931,HSU_GHARDIMAOU,Ghardimaou,غار الدماء,North-West,29905,1228,2,9,6,1,1246,760,1,4,3,0,768,204,224,41.67,25.68,163.7,1.6
1931,HSU_LE_KEF,Le Kef,الكاف,North-West,59810,2346,22,46,34,4,2452,1452,10,22,16,2,1502,395,449,41.0,25.11,161.1,1.59
1931,HSU_DAHMANI,Dahmani (Ebba Ksour),الدهماني (القصور),North-West,39874,1629,3,14,11,1,1658,1008,1,7,5,1,1022,271,299,41.58,25.63,163.4,1.6
1931,HSU_TEBOURSOUK,Téboursouk & Dougga,تبرسق ودقة,North-West,38212,1532,9,19,17,2,1579,949,4,9,8,1,971,256,287,41.32,25.41,162.1,1.59
1931,HSU_SERS,Le Sers,السرس,North-West,29905,1228,2,9,6,1,1246,760,1,4,3,0,768,204,224,41.67,25.68,163.7,1.6
1931,HSU_CAP_BON,Grombalia & Cap Bon Ouest,قرمبالية وغرب الوطن القبلي,North-East,46519,1558,11,50,79,6,1704,902,5,24,38,3,972,268,349,36.63,20.89,157.3,1.57
1931,HSU_NABEUL,Nabeul & Hammamet,نابل والحمامات,North-East,64795,2214,69,52,57,5,2397,1282,32,25,27,3,1369,379,486,36.99,21.13,158.1,1.59
1931,HSU_SOLIMAN,Soliman & Mornag,سليمان ومرناق,North-East,38212,1350,7,25,36,3,1421,782,3,12,17,2,816,228,287,37.19,21.35,160.5,1.58
1931,HSU_MENZEL_TEMIME,Menzel Temime & Cap Bon Est,منزل تميم وشرق الوطن القبلي,North-East,63134,2289,17,25,34,3,2368,1325,8,12,16,2,1363,384,474,37.51,21.59,162.2,1.59
1931,HSU_ZAGHOUAN,Zaghouan,زغوان,North-East,41535,1475,7,34,28,4,1548,854,3,16,13,2,888,249,312,37.27,21.38,160.9,1.59
1931,HSU_SOUSSE,Sousse & Sahel Nord,سوسة وشمال الساحل,Sahel/Center-East,131250,4350,99,151,181,24,4805,2519,46,73,87,12,2737,752,984,36.61,20.85,156.5,1.58
1931,HSU_MONASTIR,Monastir & Sahel Central,المنستير ووسط الساحل,Sahel/Center-East,96361,3515,39,31,34,3,3622,2035,18,15,17,2,2087,588,723,37.59,21.66,162.3,1.59
1931,HSU_MAHDIA,Mahdia & Sahel Sud,المهدية وجنوب الساحل,Sahel/Center-East,68117,2456,21,31,39,4,2551,1422,10,15,19,2,1468,412,511,37.45,21.55,161.5,1.59
1931,HSU_ENFIDHA,Enfidha,النفيضة,Sahel/Center-East,6646,205,1,20,10,2,238,119,0,10,5,1,135,36,50,35.81,20.31,151.3,1.55
1931,HSU_KAIROUAN,Kairouan,القيروان,Center-West,86393,3458,30,43,34,4,3569,2141,14,21,16,2,2194,579,648,41.31,25.4,162.2,1.59
1931,HSU_SOUASSI,Les Souassi,السواسي,Sahel/Center-East,46519,1757,2,3,3,0,1765,1017,1,1,1,0,1020,291,349,37.94,21.93,164.9,1.6
1931,HSU_MAKTAR,Maktar & Siliana,مكثر وسليانة,Center-West,44858,1811,5,23,17,2,1858,1121,2,11,8,1,1143,302,336,41.42,25.48,162.5,1.59
1931,HSU_THALA,Thala,تالة,Center-West,46519,1897,5,18,12,1,1933,1174,2,9,6,1,1192,316,349,41.55,25.62,163.5,1.59
1931,HSU_SBEITLA,Sbeïtla,سبيطلة,Center-West,36551,1510,1,8,5,1,1525,935,1,4,3,0,943,250,274,41.72,25.8,163.9,1.59
1931,HSU_KASSERINE,Kasserine,القصرين,Center-West,29905,1242,1,5,3,0,1251,769,0,2,1,0,772,206,224,41.83,25.82,164.7,1.6
1931,HSU_SFAX,Sfax,صفاقس,South,119621,4374,107,144,153,18,4796,2708,50,69,73,9,2909,753,897,40.09,24.32,157.0,1.58
1931,HSU_DJEBINIANA,Djebeniana,جبنيانة,South,43196,1792,3,5,6,1,1807,1109,1,2,3,0,1115,297,324,41.83,25.81,164.4,1.6
1931,HSU_EL_DJEM,El Djem,الجم,Sahel/Center-East,36551,1349,4,11,12,1,1377,781,2,5,6,1,795,225,274,37.67,21.75,163.4,1.59
1931,HSU_KERKENNAH,Kerkennah,قرقنة,South,13291,555,0,1,1,0,557,343,0,0,0,0,343,92,100,41.91,25.81,165.2,1.61
1931,HSU_GAFSA,Gafsa & Bassin Minier,قفصة والحوض المنجمي,South,64794,2402,41,75,81,9,2608,1487,19,36,39,4,1585,412,486,40.25,24.46,158.0,1.58
1931,HSU_TOZEUR,Tozeur (Djérid),توزر (الجريد),South,46519,1859,30,18,14,2,1923,1150,14,9,7,1,1181,312,349,41.34,25.39,162.2,1.6
1931,HSU_SIDI_BOU_ZID,Sidi Bouzid,سيدي بوزيد,Center-West,33228,1383,1,4,3,0,1391,856,0,2,1,0,859,229,249,41.86,25.85,164.6,1.6
1931,HSU_GABES,Gabès Littoral,قابس,South,54826,2074,52,52,42,5,2225,1284,24,25,20,3,1356,354,411,40.58,24.73,159.1,1.59
1931,HSU_DJERBA,Djerba,جربة,South,51503,1859,178,20,22,2,2081,1151,83,9,11,1,1255,323,386,40.41,24.37,155.2,1.6
1931,HSU_MEDENINE,Médenine & Zarzis,مدنين وجرجيس,South,79747,3237,35,22,17,2,3313,2004,16,10,8,1,2039,540,598,41.54,25.57,163.0,1.6
1931,HSU_TATAOUINE,Tataouine,تطاوين,South,33228,1370,11,4,2,0,1387,848,5,2,1,0,856,227,249,41.74,25.76,163.7,1.6
1931,HSU_KEBILI,Kébili & Nefzaoua,قبلي ونفزاوة,South,44858,1871,5,3,2,0,1881,1158,2,1,1,0,1162,309,336,41.93,25.9,164.3,1.6
1931,HSU_MATMATA,Matmata,مطماطة,South,16614,695,1,1,0,0,697,430,0,0,0,0,430,115,125,41.95,25.88,165.0,1.61
1936,HSU_TUNIS,Tunis & Banlieue,تونس وضواحيها,North-East,269640,5365,786,1238,1281,180,8850,3106,368,594,617,90,4775,1147,2022,32.82,17.71,129.6,1.51
1936,HSU_BIZERTE,Bizerte Maritime,بنزرت الكبرى,North-East,98867,2784,57,312,271,34,3458,1612,27,150,130,17,1936,510,742,34.98,19.58,147.5,1.54
1936,HSU_MATEUR,Mateur - Ichkeul,ماطر والإشكل,North-East,46737,1625,15,46,40,5,1731,941,7,22,19,2,991,276,351,37.04,21.2,159.4,1.58
1936,HSU_TEBOURBA,Tébourba - Basse Medjerda,طبربة ومجاز المجردة السفلى,North-East,41345,1402,18,44,53,5,1522,812,8,21,25,3,869,240,310,36.81,21.02,157.7,1.58
1936,HSU_BEJA,Béja,باجة,North-West,77297,2949,37,87,58,8,3139,1826,17,42,28,4,1917,501,580,40.61,24.8,159.6,1.58
1936,HSU_MEDJEZ_EL_BAB,Medjez el-Bab & Testour,مجاز الباب وتستور,North-West,50333,1902,18,64,46,6,2036,1178,9,31,22,3,1243,324,377,40.45,24.7,159.1,1.58
1936,HSU_NEFZA,Nefza & Littoral Kroumir,نفزة والشمال الغربي,North-West,32357,1335,1,8,5,1,1350,826,1,4,2,0,833,221,243,41.72,25.74,163.7,1.6
1936,HSU_SOUK_EL_ARBA,Jendouba (Souk el-Arba),جندوبة (سوق الأربعاء),North-West,64713,2520,18,62,39,5,2644,1560,9,30,19,3,1621,425,485,40.86,25.05,160.7,1.58
1936,HSU_SOUK_EL_KHEMIS,Boussalem (Souk el-Khemis),بوسالم (سوق الخميس),North-West,44940,1820,3,24,12,2,1861,1127,1,12,6,1,1147,303,337,41.41,25.52,162.8,1.59
1936,HSU_AIN_DRAHAM,Aïn Draham,عين دراهم,North-West,32357,1269,4,35,15,2,1325,785,2,17,7,1,812,214,243,40.95,25.1,161.5,1.59
1936,HSU_TABARKA,Tabarka,طبرقة,North-West,28761,1102,6,31,26,3,1168,682,3,15,13,2,715,187,216,40.61,24.86,160.1,1.58
1936,HSU_GHARDIMAOU,Ghardimaou,غار الدماء,North-West,32357,1326,2,10,7,1,1346,821,1,5,4,0,831,220,243,41.6,25.68,163.4,1.59
1936,HSU_LE_KEF,Le Kef,الكاف,North-West,64714,2522,27,54,40,5,2648,1561,12,26,19,2,1620,426,485,40.92,25.03,160.9,1.59
1936,HSU_DAHMANI,Dahmani (Ebba Ksour),الدهماني (القصور),North-West,43142,1758,3,16,13,2,1792,1088,1,8,6,1,1104,293,324,41.54,25.59,163.5,1.59
1936,HSU_TEBOURSOUK,Téboursouk & Dougga,تبرسق ودقة,North-West,41345,1651,11,22,20,2,1706,1022,5,11,9,1,1048,277,310,41.26,25.35,162.4,1.59
1936,HSU_SERS,Le Sers,السرس,North-West,32357,1326,2,11,7,1,1347,821,1,5,3,0,830,220,243,41.63,25.65,163.3,1.6
1936,HSU_CAP_BON,Grombalia & Cap Bon Ouest,قرمبالية وغرب الوطن القبلي,North-East,50333,1665,14,59,94,7,1839,964,6,28,45,3,1046,288,377,36.54,20.78,156.6,1.58
1936,HSU_NABEUL,Nabeul & Hammamet,نابل والحمامات,North-East,70106,2371,82,61,67,6,2587,1373,39,29,32,3,1476,407,526,36.9,21.05,157.3,1.58
1936,HSU_SOLIMAN,Soliman & Mornag,سليمان ومرناق,North-East,41345,1451,8,29,42,4,1534,840,4,14,20,2,880,246,310,37.1,21.28,160.4,1.58
1936,HSU_MENZEL_TEMIME,Menzel Temime & Cap Bon Est,منزل تميم وشرق الوطن القبلي,North-East,68308,2465,20,30,40,4,2559,1427,10,14,19,2,1472,414,512,37.46,21.55,161.8,1.59
1936,HSU_ZAGHOUAN,Zaghouan,زغوان,North-East,44940,1586,8,40,33,4,1671,918,4,19,16,2,959,268,337,37.18,21.34,160.4,1.58
1936,HSU_SOUSSE,Sousse & Sahel Nord,سوسة وشمال الساحل,Sahel/Center-East,142011,4645,118,178,213,28,5182,2689,55,85,103,14,2946,807,1065,36.49,20.74,155.7,1.57
1936,HSU_MONASTIR,Monastir & Sahel Central,المنستير ووسط الساحل,Sahel/Center-East,104261,3788,47,36,40,4,3915,2193,22,18,19,2,2254,635,782,37.55,21.62,162.2,1.59
1936,HSU_MAHDIA,Mahdia & Sahel Sud,المهدية وجنوب الساحل,Sahel/Center-East,73702,2645,25,36,45,5,2756,1531,12,17,22,2,1584,445,553,37.39,21.49,161.5,1.59
1936,HSU_ENFIDHA,Enfidha,النفيضة,Sahel/Center-East,7190,217,1,23,12,2,255,126,1,11,6,1,145,39,54,35.47,20.17,152.9,1.53
1936,HSU_KAIROUAN,Kairouan,القيروان,Center-West,93475,3725,35,50,40,5,3855,2306,17,24,19,2,2368,624,701,41.24,25.33,161.9,1.59
1936,HSU_SOUASSI,Les Souassi,السواسي,Sahel/Center-East,50333,1900,2,4,3,0,1909,1100,1,2,2,0,1105,314,377,37.93,21.95,164.5,1.6
1936,HSU_MAKTAR,Maktar & Siliana,مكثر وسليانة,Center-West,48535,1952,6,27,20,2,2007,1209,3,13,9,1,1235,326,364,41.35,25.45,162.4,1.59
1936,HSU_THALA,Thala,تالة,Center-West,50333,2047,6,21,14,2,2090,1267,3,10,7,1,1288,341,377,41.52,25.59,163.2,1.59
1936,HSU_SBEITLA,Sbeïtla,سبيطلة,Center-West,39547,1631,1,10,6,1,1649,1010,1,5,3,0,1019,270,297,41.7,25.77,163.7,1.59
1936,HSU_KASSERINE,Kasserine,القصرين,Center-West,32357,1342,1,5,3,0,1351,831,1,3,2,0,837,222,243,41.75,25.87,164.3,1.59
1936,HSU_SFAX,Sfax,صفاقس,South,129427,4669,127,170,180,22,5168,2890,60,82,86,11,3129,808,971,39.93,24.18,156.3,1.58
1936,HSU_DJEBINIANA,Djebeniana,جبنيانة,South,46738,1937,3,6,7,1,1954,1199,2,3,3,0,1207,321,351,41.81,25.82,164.3,1.6
1936,HSU_EL_DJEM,El Djem,الجم,Sahel/Center-East,39547,1456,5,12,14,1,1488,843,2,6,7,1,859,243,297,37.63,21.72,163.3,1.59
1936,HSU_KERKENNAH,Kerkennah,قرقنة,South,14381,600,1,1,1,0,603,371,0,0,1,0,372,99,108,41.93,25.87,164.2,1.61
1936,HSU_GAFSA,Gafsa & Bassin Minier,قفصة والحوض المنجمي,South,70107,2567,48,89,95,10,2809,1589,23,43,46,5,1706,442,526,40.07,24.33,157.4,1.57
1936,HSU_TOZEUR,Tozeur (Djérid),توزر (الجريد),South,50333,2001,36,21,17,2,2077,1239,17,10,8,1,1275,336,377,41.27,25.33,161.8,1.59
1936,HSU_SIDI_BOU_ZID,Sidi Bouzid,سيدي بوزيد,Center-West,35952,1495,1,4,3,0,1503,925,1,2,2,0,930,247,270,41.81,25.87,164.3,1.59
1936,HSU_GABES,Gabès Littoral,قابس,South,59321,2222,61,61,49,6,2399,1375,29,29,24,3,1460,380,445,40.44,24.61,158.4,1.58
1936,HSU_DJERBA,Djerba,جربة,South,55726,1979,212,23,26,2,2242,1225,99,11,13,1,1349,346,418,40.23,24.21,154.3,1.6
1936,HSU_MEDENINE,Médenine & Zarzis,مدنين وجرجيس,South,86285,3491,42,26,20,2,3581,2161,20,12,10,1,2204,583,647,41.5,25.54,162.8,1.6
1936,HSU_TATAOUINE,Tataouine,تطاوين,South,35952,1480,13,5,3,0,1501,916,6,2,1,0,925,246,270,41.75,25.73,163.9,1.6
1936,HSU_KEBILI,Kébili & Nefzaoua,قبلي ونفزاوة,South,48535,2023,6,3,2,0,2034,1252,3,1,1,0,1257,335,364,41.91,25.9,164.7,1.6
1936,HSU_MATMATA,Matmata,مطماطة,South,17976,752,1,1,1,0,755,465,0,0,0,0,465,124,135,42.0,25.87,164.2,1.61
1941,HSU_TUNIS,Tunis & Banlieue,تونس وضواحيها,North-East,289863,5767,845,1331,1377,194,9514,4508,535,862,895,131,6931,1566,2174,32.82,23.91,164.6,0.89
1941,HSU_BIZERTE,Bizerte Maritime,بنزرت الكبرى,North-East,106282,2993,61,336,291,37,3718,2339,39,217,189,25,2809,721,797,34.98,26.43,193.9,0.86
1941,HSU_MATEUR,Mateur - Ichkeul,ماطر والإشكل,North-East,50242,1747,16,50,43,5,1861,1366,10,32,28,3,1439,398,377,37.04,28.64,213.9,0.84
1941,HSU_TEBOURBA,Tébourba - Basse Medjerda,طبربة ومجاز المجردة السفلى,North-East,44446,1507,19,47,56,5,1634,1178,12,30,37,4,1261,345,333,36.76,28.37,211.1,0.84
1941,HSU_BEJA,Béja,باجة,North-West,83094,3170,40,93,63,8,3374,2649,25,60,41,6,2781,721,623,40.6,33.47,213.7,0.71
1941,HSU_MEDJEZ_EL_BAB,Medjez el-Bab & Testour,مجاز الباب وتستور,North-West,54109,2045,20,68,49,6,2188,1709,12,44,32,4,1801,466,406,40.44,33.28,213.0,0.72
1941,HSU_NEFZA,Nefza & Littoral Kroumir,نفزة والشمال الغربي,North-West,34784,1435,1,9,5,1,1451,1199,1,6,4,1,1211,321,261,41.71,34.81,221.2,0.69
1941,HSU_SOUK_EL_ARBA,Jendouba (Souk el-Arba),جندوبة (سوق الأربعاء),North-West,69566,2709,20,67,42,6,2844,2264,12,43,28,4,2351,614,522,40.88,33.8,215.9,0.71
1941,HSU_SOUK_EL_KHEMIS,Boussalem (Souk el-Khemis),بوسالم (سوق الخميس),North-West,48311,1957,3,26,13,2,2001,1635,2,17,8,1,1663,439,362,41.42,34.42,219.4,0.7
1941,HSU_AIN_DRAHAM,Aïn Draham,عين دراهم,North-West,34784,1364,4,38,16,2,1424,1140,2,24,10,2,1178,308,261,40.94,33.87,216.3,0.71
1941,HSU_TABARKA,Tabarka,طبرقة,North-West,30918,1184,6,34,28,4,1256,990,4,22,18,3,1037,269,232,40.62,33.54,214.2,0.71
1941,HSU_GHARDIMAOU,Ghardimaou,غار الدماء,North-West,34783,1425,2,11,8,1,1447,1191,2,7,5,1,1206,319,261,41.6,34.67,220.5,0.69
1941,HSU_LE_KEF,Le Kef,الكاف,North-West,69567,2711,29,58,43,5,2846,2266,18,38,28,4,2354,614,522,40.91,33.84,215.7,0.71
1941,HSU_DAHMANI,Dahmani (Ebba Ksour),الدهماني (القصور),North-West,46377,1890,3,18,14,2,1927,1579,2,11,9,1,1602,424,348,41.55,34.54,220.0,0.7
1941,HSU_TEBOURSOUK,Téboursouk & Dougga,تبرسق ودقة,North-West,44445,1775,12,24,21,2,1834,1483,7,15,14,2,1521,400,333,41.26,34.22,218.1,0.7
1941,HSU_SERS,Le Sers,السرس,North-West,34784,1425,2,12,7,1,1447,1191,2,8,5,1,1207,319,261,41.6,34.7,220.5,0.69
1941,HSU_CAP_BON,Grombalia & Cap Bon Ouest,قرمبالية وغرب الوطن القبلي,North-East,54109,1790,15,63,101,7,1976,1399,9,41,65,5,1519,413,406,36.52,28.07,209.0,0.84
1941,HSU_NABEUL,Nabeul & Hammamet,نابل والحمامات,North-East,75364,2549,88,66,72,6,2781,1992,56,42,47,4,2141,585,565,36.9,28.41,210.4,0.85
1941,HSU_SOLIMAN,Soliman & Mornag,سليمان ومرناق,North-East,44446,1560,9,32,46,4,1651,1219,6,20,30,3,1278,354,333,37.15,28.75,214.4,0.84
1941,HSU_MENZEL_TEMIME,Menzel Temime & Cap Bon Est,منزل تميم وشرق الوطن القبلي,North-East,73431,2650,22,32,42,4,2750,2071,14,21,28,3,2137,598,551,37.45,29.1,217.5,0.83
1941,HSU_ZAGHOUAN,Zaghouan,زغوان,North-East,48310,1705,9,43,35,4,1796,1333,5,28,23,3,1392,387,362,37.18,28.81,215.5,0.84
1941,HSU_SOUSSE,Sousse & Sahel Nord,سوسة وشمال الساحل,Sahel/Center-East,152661,4993,127,191,229,30,5570,3902,80,124,149,20,4275,1155,1145,36.49,28.0,207.4,0.85
1941,HSU_MONASTIR,Monastir & Sahel Central,المنستير ووسط الساحل,Sahel/Center-East,112080,4072,50,39,43,4,4208,3183,32,25,28,3,3271,917,841,37.54,29.18,217.9,0.84
1941,HSU_MAHDIA,Mahdia & Sahel Sud,المهدية وجنوب الساحل,Sahel/Center-East,79230,2843,27,39,49,5,2963,2222,17,25,32,3,2299,642,594,37.4,29.02,216.7,0.84
1941,HSU_ENFIDHA,Enfidha,النفيضة,Sahel/Center-East,7728,233,1,25,13,2,274,182,1,16,8,1,208,55,58,35.46,26.92,200.7,0.85
1941,HSU_KAIROUAN,Kairouan,القيروان,Center-West,100485,4005,38,54,43,5,4145,3347,24,35,28,3,3437,903,754,41.25,34.2,217.9,0.7
1941,HSU_SOUASSI,Les Souassi,السواسي,Sahel/Center-East,54107,2042,2,4,4,0,2052,1596,1,2,2,0,1601,456,406,37.92,29.59,222.2,0.83
1941,HSU_MAKTAR,Maktar & Siliana,مكثر وسليانة,Center-West,52175,2099,6,29,21,2,2157,1754,4,19,14,2,1793,472,391,41.34,34.37,218.8,0.7
1941,HSU_THALA,Thala,تالة,Center-West,54109,2200,6,22,15,2,2245,1839,4,15,10,1,1869,493,406,41.49,34.54,219.6,0.69
1941,HSU_SBEITLA,Sbeïtla,سبيطلة,Center-West,42512,1754,2,11,7,1,1775,1466,1,7,4,1,1479,392,319,41.75,34.79,220.8,0.7
1941,HSU_KASSERINE,Kasserine,القصرين,Center-West,34783,1443,1,6,4,0,1454,1206,1,4,2,0,1213,322,261,41.8,34.87,221.5,0.69
1941,HSU_SFAX,Sfax,صفاقس,South,139135,5019,137,183,193,23,5555,4195,87,118,126,16,4542,1158,1044,39.93,32.64,208.5,0.73
1941,HSU_DJEBINIANA,Djebeniana,جبنيانة,South,50245,2082,4,6,8,1,2101,1740,2,4,5,0,1751,465,377,41.82,34.85,221.3,0.7
1941,HSU_EL_DJEM,El Djem,الجم,Sahel/Center-East,42514,1565,5,13,15,1,1599,1223,3,9,10,1,1246,351,319,37.61,29.31,219.5,0.83
1941,HSU_KERKENNAH,Kerkennah,قرقنة,South,15458,645,1,1,1,0,648,539,0,1,1,0,541,144,116,41.92,35.0,222.2,0.69
1941,HSU_GAFSA,Gafsa & Bassin Minier,قفصة والحوض المنجمي,South,75366,2760,52,95,102,11,3020,2307,33,62,66,7,2475,634,565,40.07,32.84,209.9,0.72
1941,HSU_TOZEUR,Tozeur (Djérid),توزر (الجريد),South,54109,2151,39,23,18,2,2233,1798,25,15,12,1,1851,485,406,41.27,34.21,217.2,0.71
1941,HSU_SIDI_BOU_ZID,Sidi Bouzid,سيدي بوزيد,Center-West,38648,1607,1,5,4,0,1617,1343,1,3,2,0,1349,359,290,41.84,34.9,222.0,0.69
1941,HSU_GABES,Gabès Littoral,قابس,South,63771,2388,66,66,53,7,2580,1996,42,43,34,4,2119,546,478,40.46,33.23,211.6,0.72
1941,HSU_DJERBA,Djerba,جربة,South,59905,2128,228,25,28,2,2411,1778,144,16,18,2,1958,495,449,40.25,32.69,205.3,0.76
1941,HSU_MEDENINE,Médenine & Zarzis,مدنين وجرجيس,South,92757,3753,45,28,22,3,3851,3136,28,18,14,2,3198,843,696,41.52,34.48,218.9,0.7
1941,HSU_TATAOUINE,Tataouine,تطاوين,South,38649,1591,14,6,3,0,1614,1330,9,4,2,0,1345,356,290,41.76,34.8,220.6,0.7
1941,HSU_KEBILI,Kébili & Nefzaoua,قبلي ونفزاوة,South,52175,2175,6,3,2,0,2186,1817,4,2,1,0,1824,485,391,41.9,34.96,221.9,0.69
1941,HSU_MATMATA,Matmata,مطماطة,South,19325,808,1,1,1,0,811,675,0,1,0,0,676,180,145,41.97,34.98,221.9,0.7
1946,HSU_TUNIS,Tunis & Banlieue,تونس وضواحيها,North-East,334007,6412,974,1606,1663,235,10890,3712,456,771,801,117,5857,1394,2505,32.6,17.54,128.0,1.51
1946,HSU_BIZERTE,Bizerte Maritime,بنزرت الكبرى,North-East,122469,3388,71,408,353,45,4265,1961,33,196,170,22,2382,625,919,34.83,19.45,146.5,1.54
1946,HSU_MATEUR,Mateur - Ichkeul,ماطر والإشكل,North-East,57895,2020,18,54,48,5,2145,1169,8,26,23,3,1229,343,434,37.05,21.23,159.9,1.58
1946,HSU_TEBOURBA,Tébourba - Basse Medjerda,طبربة ومجاز المجردة السفلى,North-East,51214,1749,22,51,61,6,1889,1012,10,24,29,3,1078,299,384,36.88,21.05,158.3,1.58
1946,HSU_BEJA,Béja,باجة,North-West,95749,3656,46,105,72,9,3888,2263,21,51,35,5,2375,621,718,40.61,24.8,159.7,1.58
1946,HSU_MEDJEZ_EL_BAB,Medjez el-Bab & Testour,مجاز الباب وتستور,North-West,62348,2365,23,75,55,7,2525,1464,11,36,27,3,1541,402,468,40.5,24.72,159.2,1.58
1946,HSU_NEFZA,Nefza & Littoral Kroumir,نفزة والشمال الغربي,North-West,40081,1658,1,9,5,1,1674,1026,1,4,3,0,1034,275,301,41.77,25.8,164.3,1.6
1946,HSU_SOUK_EL_ARBA,Jendouba (Souk el-Arba),جندوبة (سوق الأربعاء),North-West,80162,3128,23,74,48,6,3279,1937,11,36,23,3,2010,527,601,40.9,25.07,160.7,1.58
1946,HSU_SOUK_EL_KHEMIS,Boussalem (Souk el-Khemis),بوسالم (سوق الخميس),North-West,55668,2266,4,26,13,2,2311,1403,2,12,6,1,1424,377,418,41.51,25.58,163.1,1.59
1946,HSU_AIN_DRAHAM,Aïn Draham,عين دراهم,North-West,40080,1572,4,43,18,3,1640,973,2,21,9,1,1006,264,301,40.92,25.1,161.0,1.58
1946,HSU_TABARKA,Tabarka,طبرقة,North-West,35627,1366,7,38,32,4,1447,846,3,18,16,2,885,231,267,40.62,24.84,159.6,1.58
1946,HSU_GHARDIMAOU,Ghardimaou,غار الدماء,North-West,40081,1648,3,11,8,1,1671,1020,1,5,4,0,1030,274,301,41.69,25.7,164.0,1.6
1946,HSU_LE_KEF,Le Kef,الكاف,North-West,80161,3125,33,67,49,6,3280,1934,15,32,24,3,2008,527,601,40.92,25.05,160.7,1.59
1946,HSU_DAHMANI,Dahmani (Ebba Ksour),الدهماني (القصور),North-West,53441,2186,4,17,14,2,2223,1353,2,8,7,1,1371,363,401,41.6,25.65,163.3,1.59
1946,HSU_TEBOURSOUK,Téboursouk & Dougga,تبرسق ودقة,North-West,51214,2048,13,26,23,3,2113,1268,6,13,11,1,1299,343,384,41.26,25.36,162.3,1.59
1946,HSU_SERS,Le Sers,السرس,North-West,40081,1648,3,11,7,1,1670,1020,1,5,3,0,1029,274,301,41.67,25.67,164.1,1.6
1946,HSU_CAP_BON,Grombalia & Cap Bon Ouest,قرمبالية وغرب الوطن القبلي,North-East,62348,2084,17,68,107,8,2284,1206,8,33,52,4,1303,359,468,36.63,20.9,157.2,1.57
1946,HSU_NABEUL,Nabeul & Hammamet,نابل والحمامات,North-East,86842,2938,102,75,82,7,3204,1701,48,36,40,4,1829,505,651,36.89,21.06,157.6,1.58
1946,HSU_SOLIMAN,Soliman & Mornag,سليمان ومرناق,North-East,51214,1809,10,34,48,4,1905,1047,5,16,23,2,1093,306,384,37.2,21.34,160.6,1.59
1946,HSU_MENZEL_TEMIME,Menzel Temime & Cap Bon Est,منزل تميم وشرق الوطن القبلي,North-East,84615,3057,25,36,48,4,3170,1770,12,17,23,2,1824,513,635,37.46,21.56,161.8,1.59
1946,HSU_ZAGHOUAN,Zaghouan,زغوان,North-East,55668,1973,10,46,38,5,2072,1142,5,22,18,2,1189,333,418,37.22,21.36,160.7,1.59
1946,HSU_SOUSSE,Sousse & Sahel Nord,سوسة وشمال الساحل,Sahel/Center-East,175910,5732,146,227,271,36,6412,3318,68,109,130,18,3643,997,1319,36.45,20.71,155.5,1.57
1946,HSU_MONASTIR,Monastir & Sahel Central,المنستير ووسط الساحل,Sahel/Center-East,129149,4695,58,45,49,5,4852,2718,27,21,24,2,2792,786,969,37.57,21.62,162.0,1.6
1946,HSU_MAHDIA,Mahdia & Sahel Sud,المهدية وجنوب الساحل,Sahel/Center-East,91295,3280,31,44,55,6,3416,1899,15,21,26,3,1964,551,685,37.42,21.51,161.3,1.59
1946,HSU_ENFIDHA,Enfidha,النفيضة,Sahel/Center-East,8907,265,2,31,15,2,315,153,1,15,7,1,177,47,67,35.37,19.87,149.2,1.55
1946,HSU_KAIROUAN,Kairouan,القيروان,Center-West,115788,4611,44,64,50,6,4775,2854,21,31,24,3,2933,773,868,41.24,25.33,161.9,1.59
1946,HSU_SOUASSI,Les Souassi,السواسي,Sahel/Center-East,62348,2355,2,4,4,0,2365,1364,1,2,2,0,1369,389,468,37.93,21.96,164.5,1.6
1946,HSU_MAKTAR,Maktar & Siliana,مكثر وسليانة,Center-West,60121,2423,7,31,23,3,2487,1500,3,15,11,1,1530,405,451,41.37,25.45,162.8,1.59
1946,HSU_THALA,Thala,تالة,Center-West,62347,2537,7,25,17,2,2588,1571,3,12,8,1,1595,422,468,41.51,25.58,163.1,1.59
1946,HSU_SBEITLA,Sbeïtla,سبيطلة,Center-West,48988,2026,2,10,7,1,2046,1254,1,5,3,0,1263,336,367,41.77,25.78,164.2,1.6
1946,HSU_KASSERINE,Kasserine,القصرين,Center-West,40081,1666,1,6,4,0,1677,1031,1,3,2,0,1037,276,301,41.84,25.87,164.6,1.6
1946,HSU_SFAX,Sfax,صفاقس,South,160323,5758,158,218,230,28,6392,3565,74,105,111,14,3869,998,1202,39.87,24.13,156.1,1.57
1946,HSU_DJEBINIANA,Djebeniana,جبنيانة,South,57894,2403,4,6,7,1,2421,1488,2,3,4,0,1497,398,434,41.82,25.86,164.4,1.6
1946,HSU_EL_DJEM,El Djem,الجم,Sahel/Center-East,48987,1806,6,15,17,1,1845,1046,3,7,8,1,1065,301,367,37.66,21.74,163.1,1.59
1946,HSU_KERKENNAH,Kerkennah,قرقنة,South,17814,744,1,1,1,0,747,460,0,0,1,0,461,123,134,41.93,25.88,164.7,1.61
1946,HSU_GAFSA,Gafsa & Bassin Minier,قفصة والحوض المنجمي,South,86842,3165,60,114,122,13,3474,1959,28,55,59,7,2108,545,651,40.0,24.27,156.9,1.57
1946,HSU_TOZEUR,Tozeur (Djérid),توزر (الجريد),South,62349,2478,45,27,21,3,2574,1534,21,13,10,1,1579,416,468,41.28,25.33,161.6,1.6
1946,HSU_SIDI_BOU_ZID,Sidi Bouzid,سيدي بوزيد,Center-West,44534,1854,2,5,4,0,1865,1148,1,2,2,0,1153,307,334,41.88,25.89,164.6,1.6
1946,HSU_GABES,Gabès Littoral,قابس,South,73482,2748,76,77,62,8,2971,1701,36,37,30,4,1808,470,551,40.43,24.6,158.2,1.58
1946,HSU_DJERBA,Djerba,جربة,South,69028,2454,263,28,32,3,2780,1519,123,14,15,1,1672,429,518,40.27,24.22,154.3,1.61
1946,HSU_MEDENINE,Médenine & Zarzis,مدنين وجرجيس,South,106882,4322,52,33,26,3,4436,2675,24,16,12,2,2729,722,802,41.5,25.53,162.8,1.6
1946,HSU_TATAOUINE,Tataouine,تطاوين,South,44534,1836,16,6,3,0,1861,1136,7,3,1,0,1147,305,334,41.79,25.76,163.9,1.6
1946,HSU_KEBILI,Kébili & Nefzaoua,قبلي ونفزاوة,South,60121,2507,7,3,2,0,2519,1552,3,2,1,0,1558,415,451,41.9,25.91,164.7,1.6
1946,HSU_MATMATA,Matmata,مطماطة,South,22267,932,1,1,1,0,935,577,0,0,0,0,577,154,167,41.99,25.91,164.7,1.61
1951,HSU_TUNIS,Tunis & Banlieue,تونس وضواحيها,North-East,359058,6893,1047,1726,1788,252,11706,3991,491,829,861,126,6298,1498,2693,32.6,17.54,128.0,1.51
1951,HSU_BIZERTE,Bizerte Maritime,بنزرت الكبرى,North-East,131654,3642,76,439,379,48,4584,2108,36,211,183,24,2562,672,987,34.82,19.46,146.6,1.54
1951,HSU_MATEUR,Mateur - Ichkeul,ماطر والإشكل,North-East,62238,2172,19,59,52,6,2308,1257,9,28,25,3,1322,369,467,37.08,21.24,159.9,1.58
1951,HSU_TEBOURBA,Tébourba - Basse Medjerda,طبربة ومجاز المجردة السفلى,North-East,55054,1880,24,55,65,6,2030,1088,11,26,32,3,1160,321,413,36.87,21.07,158.1,1.58
1951,HSU_BEJA,Béja,باجة,North-West,102929,3930,49,113,78,10,4180,2433,23,54,38,5,2553,667,772,40.61,24.8,159.6,1.58
1951,HSU_MEDJEZ_EL_BAB,Medjez el-Bab & Testour,مجاز الباب وتستور,North-West,67024,2543,24,81,59,7,2714,1574,11,39,29,4,1657,432,503,40.49,24.72,159.2,1.58
1951,HSU_NEFZA,Nefza & Littoral Kroumir,نفزة والشمال الغربي,North-West,43087,1782,2,9,6,1,1800,1103,1,4,3,0,1111,295,323,41.78,25.79,163.9,1.6
1951,HSU_SOUK_EL_ARBA,Jendouba (Souk el-Arba),جندوبة (سوق الأربعاء),North-West,86174,3363,24,80,51,7,3525,2082,11,38,25,3,2159,567,646,40.91,25.05,160.9,1.59
1951,HSU_SOUK_EL_KHEMIS,Boussalem (Souk el-Khemis),بوسالم (سوق الخميس),North-West,59843,2436,4,28,14,2,2484,1508,2,13,7,1,1531,406,449,41.51,25.58,163.4,1.59
1951,HSU_AIN_DRAHAM,Aïn Draham,عين دراهم,North-West,43085,1690,5,46,20,3,1764,1046,2,22,10,1,1081,284,323,40.94,25.09,161.0,1.59
1951,HSU_TABARKA,Tabarka,طبرقة,North-West,38298,1469,7,41,35,5,1557,909,3,20,17,2,951,249,287,40.65,24.83,159.9,1.58
1951,HSU_GHARDIMAOU,Ghardimaou,غار الدماء,North-West,43087,1771,3,12,8,1,1795,1096,1,6,4,0,1107,294,323,41.66,25.69,163.8,1.6
1951,HSU_LE_KEF,Le Kef,الكاف,North-West,86173,3359,35,72,53,7,3526,2079,17,34,26,3,2159,567,646,40.92,25.05,160.8,1.59
1951,HSU_DAHMANI,Dahmani (Ebba Ksour),الدهماني (القصور),North-West,57449,2350,4,19,15,2,2390,1455,2,9,7,1,1474,391,431,41.6,25.66,163.6,1.59
1951,HSU_TEBOURSOUK,Téboursouk & Dougga,تبرسق ودقة,North-West,55055,2202,14,28,25,3,2272,1363,7,14,12,1,1397,369,413,41.27,25.37,162.4,1.59
1951,HSU_SERS,Le Sers,السرس,North-West,43087,1771,3,12,8,1,1795,1096,1,6,4,1,1108,294,323,41.66,25.72,163.8,1.59
1951,HSU_CAP_BON,Grombalia & Cap Bon Ouest,قرمبالية وغرب الوطن القبلي,North-East,67023,2240,18,73,115,9,2455,1297,8,35,55,4,1399,386,503,36.63,20.87,157.2,1.58
1951,HSU_NABEUL,Nabeul & Hammamet,نابل والحمامات,North-East,93354,3158,110,81,88,8,3445,1828,51,39,43,4,1965,543,700,36.9,21.05,157.6,1.59
1951,HSU_SOLIMAN,Soliman & Mornag,سليمان ومرناق,North-East,55055,1944,11,36,52,5,2048,1126,5,17,25,2,1175,329,413,37.2,21.34,160.6,1.59
1951,HSU_MENZEL_TEMIME,Menzel Temime & Cap Bon Est,منزل تميم وشرق الوطن القبلي,North-East,90961,3287,27,38,51,5,3408,1903,13,18,25,2,1961,551,682,37.47,21.56,161.7,1.59
1951,HSU_ZAGHOUAN,Zaghouan,زغوان,North-East,59843,2121,11,50,41,5,2228,1228,5,24,20,3,1280,358,449,37.23,21.39,160.7,1.58
1951,HSU_SOUSSE,Sousse & Sahel Nord,سوسة وشمال الساحل,Sahel/Center-East,189104,6162,157,244,291,39,6893,3567,74,117,140,19,3917,1072,1418,36.45,20.71,155.5,1.57
1951,HSU_MONASTIR,Monastir & Sahel Central,المنستير ووسط الساحل,Sahel/Center-East,138835,5047,62,48,53,5,5215,2922,29,23,25,3,3002,845,1041,37.56,21.62,162.0,1.59
1951,HSU_MAHDIA,Mahdia & Sahel Sud,المهدية وجنوب الساحل,Sahel/Center-East,98142,3526,34,47,59,6,3672,2041,16,23,28,3,2111,593,736,37.42,21.51,161.5,1.59
1951,HSU_ENFIDHA,Enfidha,النفيضة,Sahel/Center-East,9575,285,2,33,16,3,339,165,1,16,8,1,191,51,72,35.4,19.95,150.4,1.55
1951,HSU_KAIROUAN,Kairouan,القيروان,Center-West,124472,4957,47,68,54,6,5132,3069,22,33,26,3,3153,831,934,41.23,25.33,161.9,1.59
1951,HSU_SOUASSI,Les Souassi,السواسي,Sahel/Center-East,67024,2532,2,4,4,0,2542,1466,1,2,2,0,1471,419,503,37.93,21.95,164.8,1.6
1951,HSU_MAKTAR,Maktar & Siliana,مكثر وسليانة,Center-West,64631,2605,8,34,25,3,2675,1612,4,16,12,1,1645,435,485,41.39,25.45,162.6,1.59
1951,HSU_THALA,Thala,تالة,Center-West,67023,2728,8,27,18,2,2783,1688,4,13,9,1,1715,454,503,41.52,25.59,163.1,1.59
1951,HSU_SBEITLA,Sbeïtla,سبيطلة,Center-West,52662,2178,2,11,7,1,2199,1348,1,5,3,0,1357,361,395,41.76,25.77,164.2,1.6
1951,HSU_KASSERINE,Kasserine,القصرين,Center-West,43086,1790,2,6,4,1,1803,1108,1,3,2,0,1114,296,323,41.85,25.86,164.2,1.6
1951,HSU_SFAX,Sfax,صفاقس,South,172347,6190,169,234,247,30,6870,3832,79,112,119,15,4157,1072,1293,39.86,24.12,156.0,1.57
1951,HSU_DJEBINIANA,Djebeniana,جبنيانة,South,62237,2583,4,7,8,1,2603,1599,2,3,4,0,1608,428,467,41.82,25.84,164.4,1.6
1951,HSU_EL_DJEM,El Djem,الجم,Sahel/Center-East,52661,1941,7,16,18,2,1984,1124,3,8,9,1,1145,323,395,37.67,21.74,162.8,1.59
1951,HSU_KERKENNAH,Kerkennah,قرقنة,South,19151,800,1,1,1,0,803,495,0,0,1,0,496,132,144,41.93,25.9,164.4,1.6
1951,HSU_GAFSA,Gafsa & Bassin Minier,قفصة والحوض المنجمي,South,93356,3403,65,123,131,14,3736,2106,30,59,63,7,2265,586,700,40.02,24.26,156.9,1.58
1951,HSU_TOZEUR,Tozeur (Djérid),توزر (الجريد),South,67026,2664,48,29,23,3,2767,1649,23,14,11,1,1698,447,503,41.28,25.33,161.5,1.59
1951,HSU_SIDI_BOU_ZID,Sidi Bouzid,سيدي بوزيد,Center-West,47874,1993,2,5,4,0,2004,1234,1,2,2,0,1239,330,359,41.86,25.88,164.7,1.6
1951,HSU_GABES,Gabès Littoral,قابس,South,78993,2954,82,83,67,8,3194,1829,38,40,32,4,1943,505,592,40.43,24.6,158.1,1.58
1951,HSU_DJERBA,Djerba,جربة,South,74206,2638,282,30,34,3,2987,1633,132,15,16,1,1797,461,557,40.25,24.22,154.3,1.6
1951,HSU_MEDENINE,Médenine & Zarzis,مدنين وجرجيس,South,114899,4646,56,35,27,3,4767,2876,26,17,13,2,2934,776,862,41.49,25.54,162.8,1.6
1951,HSU_TATAOUINE,Tataouine,تطاوين,South,47874,1973,17,6,3,0,1999,1222,8,3,1,0,1234,327,359,41.76,25.78,163.6,1.6
1951,HSU_KEBILI,Kébili & Nefzaoua,قبلي ونفزاوة,South,64630,2695,7,3,2,0,2707,1669,3,2,1,0,1675,446,485,41.88,25.92,164.8,1.6
1951,HSU_MATMATA,Matmata,مطماطة,South,23938,1001,1,1,1,0,1004,620,0,0,0,0,620,165,180,41.94,25.9,164.3,1.6
1955,HSU_TUNIS,Tunis & Banlieue,تونس وضواحيها,North-East,385227,7285,970,1943,2013,285,12496,4218,455,933,969,142,6717,1593,2889,32.44,17.44,127.5,1.5
1955,HSU_BIZERTE,Bizerte Maritime,بنزرت الكبرى,North-East,141250,3847,70,497,428,54,4896,2227,33,239,206,27,2732,713,1059,34.66,19.34,145.6,1.53
1955,HSU_MATEUR,Mateur - Ichkeul,ماطر والإشكل,North-East,66771,2336,18,62,55,6,2477,1352,8,30,27,3,1420,396,501,37.1,21.27,159.9,1.58
1955,HSU_TEBOURBA,Tébourba - Basse Medjerda,طبربة ومجاز المجردة السفلى,North-East,59069,2028,22,57,68,6,2181,1174,10,27,33,3,1247,346,443,36.92,21.11,158.6,1.58
1955,HSU_BEJA,Béja,باجة,North-West,110432,4223,46,122,85,11,4487,2614,21,59,41,5,2740,717,828,40.63,24.81,159.8,1.58
1955,HSU_MEDJEZ_EL_BAB,Medjez el-Bab & Testour,مجاز الباب وتستور,North-West,71908,2736,23,85,63,8,2915,1694,11,41,30,4,1780,465,539,40.54,24.75,159.5,1.58
1955,HSU_NEFZA,Nefza & Littoral Kroumir,نفزة والشمال الغربي,North-West,46228,1915,1,9,6,1,1932,1185,1,4,3,0,1193,317,347,41.79,25.81,164.1,1.6
1955,HSU_SOUK_EL_ARBA,Jendouba (Souk el-Arba),جندوبة (سوق الأربعاء),North-West,92453,3615,22,85,55,7,3784,2238,11,41,26,4,2320,609,693,40.93,25.09,160.9,1.58
1955,HSU_SOUK_EL_KHEMIS,Boussalem (Souk el-Khemis),بوسالم (سوق الخميس),North-West,64205,2623,4,27,13,2,2669,1624,2,13,6,1,1646,436,482,41.57,25.64,163.4,1.59
1955,HSU_AIN_DRAHAM,Aïn Draham,عين دراهم,North-West,46228,1812,4,50,22,3,1891,1122,2,24,10,2,1160,305,347,40.91,25.09,161.3,1.58
1955,HSU_TABARKA,Tabarka,طبرقة,North-West,41092,1576,7,44,38,5,1670,976,3,21,18,3,1021,267,308,40.64,24.85,159.9,1.58
1955,HSU_GHARDIMAOU,Ghardimaou,غار الدماء,North-West,46227,1905,3,11,8,1,1928,1179,1,5,4,0,1189,316,347,41.71,25.72,163.9,1.6
1955,HSU_LE_KEF,Le Kef,الكاف,North-West,92455,3607,33,78,58,7,3783,2233,15,37,28,4,2317,608,693,40.92,25.06,160.7,1.59
1955,HSU_DAHMANI,Dahmani (Ebba Ksour),الدهماني (القصور),North-West,61636,2529,4,18,14,2,2567,1565,2,9,7,1,1584,420,462,41.65,25.7,163.6,1.59
1955,HSU_TEBOURSOUK,Téboursouk & Dougga,تبرسق ودقة,North-West,59069,2366,13,30,27,3,2439,1465,6,14,13,2,1500,396,443,41.29,25.39,162.4,1.59
1955,HSU_SERS,Le Sers,السرس,North-West,46227,1905,3,12,7,1,1928,1179,1,6,4,1,1191,316,347,41.71,25.76,163.9,1.59
1955,HSU_CAP_BON,Grombalia & Cap Bon Ouest,قرمبالية وغرب الوطن القبلي,North-East,71909,2419,17,75,118,9,2638,1400,8,36,57,4,1505,416,539,36.69,20.93,157.7,1.58
1955,HSU_NABEUL,Nabeul & Hammamet,نابل والحمامات,North-East,100159,3404,102,88,96,9,3699,1970,48,42,46,4,2110,584,751,36.93,21.07,157.9,1.59
1955,HSU_SOLIMAN,Soliman & Mornag,سليمان ومرناق,North-East,59068,2095,10,37,53,5,2200,1213,5,18,26,2,1264,354,443,37.25,21.4,160.9,1.58
1955,HSU_MENZEL_TEMIME,Menzel Temime & Cap Bon Est,منزل تميم وشرق الوطن القبلي,North-East,97591,3531,25,41,55,5,3657,2045,12,20,27,3,2107,592,732,37.47,21.59,161.9,1.59
1955,HSU_ZAGHOUAN,Zaghouan,زغوان,North-East,64205,2282,10,51,43,6,2392,1321,5,25,21,3,1375,385,482,37.26,21.42,161.0,1.58
1955,HSU_SOUSSE,Sousse & Sahel Nord,سوسة وشمال الساحل,Sahel/Center-East,202887,6605,145,272,324,43,7389,3824,68,131,156,22,4201,1149,1522,36.42,20.71,155.5,1.57
1955,HSU_MONASTIR,Monastir & Sahel Central,المنستير ووسط الساحل,Sahel/Center-East,148953,5425,58,52,57,6,5598,3141,27,25,27,3,3223,908,1117,37.58,21.64,162.2,1.59
1955,HSU_MAHDIA,Mahdia & Sahel Sud,المهدية وجنوب الساحل,Sahel/Center-East,105295,3789,31,51,63,6,3940,2194,15,24,30,3,2266,637,790,37.42,21.52,161.7,1.59
1955,HSU_ENFIDHA,Enfidha,النفيضة,Sahel/Center-East,10272,301,2,38,19,3,363,174,1,18,9,1,203,54,77,35.34,19.76,148.8,1.56
1955,HSU_KAIROUAN,Kairouan,القيروان,Center-West,133545,5321,44,76,59,7,5507,3294,20,36,29,4,3383,892,1002,41.24,25.33,162.0,1.59
1955,HSU_SOUASSI,Les Souassi,السواسي,Sahel/Center-East,71910,2718,2,4,4,0,2728,1574,1,2,2,0,1579,449,539,37.94,21.96,164.6,1.6
1955,HSU_MAKTAR,Maktar & Siliana,مكثر وسليانة,Center-West,69342,2798,7,35,26,3,2869,1732,3,17,13,1,1766,467,520,41.37,25.47,162.8,1.59
1955,HSU_THALA,Thala,تالة,Center-West,71909,2928,7,29,20,2,2986,1813,3,14,9,1,1840,487,539,41.52,25.59,163.1,1.59
1955,HSU_SBEITLA,Sbeïtla,سبيطلة,Center-West,56498,2340,2,11,7,1,2361,1449,1,5,3,0,1458,388,424,41.79,25.81,164.3,1.6
1955,HSU_KASSERINE,Kasserine,القصرين,Center-West,46227,1923,1,6,4,1,1935,1191,1,3,2,0,1197,318,347,41.86,25.89,164.3,1.6
1955,HSU_SFAX,Sfax,صفاقس,South,184908,6638,157,262,275,34,7366,4109,74,126,132,17,4458,1150,1387,39.84,24.11,156.1,1.57
1955,HSU_DJEBINIANA,Djebeniana,جبنيانة,South,66773,2775,4,6,8,1,2794,1718,2,3,4,0,1727,459,501,41.84,25.86,164.3,1.6
1955,HSU_EL_DJEM,El Djem,الجم,Sahel/Center-East,56500,2085,6,17,19,2,2129,1207,3,8,9,1,1228,347,424,37.68,21.73,163.0,1.59
1955,HSU_KERKENNAH,Kerkennah,قرقنة,South,20545,858,1,1,1,0,861,531,0,0,1,0,532,142,154,41.91,25.89,164.9,1.6
1955,HSU_GAFSA,Gafsa & Bassin Minier,قفصة والحوض المنجمي,South,100159,3643,60,137,147,16,4003,2255,28,66,71,8,2428,628,751,39.97,24.24,156.9,1.57
1955,HSU_TOZEUR,Tozeur (Djérid),توزر (الجريد),South,71908,2864,45,32,25,3,2969,1773,21,15,12,1,1822,480,539,41.29,25.34,161.7,1.6
1955,HSU_SIDI_BOU_ZID,Sidi Bouzid,سيدي بوزيد,Center-West,51364,2141,2,5,4,0,2152,1325,1,2,2,0,1330,354,385,41.9,25.89,164.5,1.6
1955,HSU_GABES,Gabès Littoral,قابس,South,84750,3177,76,92,73,9,3427,1967,35,44,35,5,2086,543,636,40.44,24.61,158.4,1.58
1955,HSU_DJERBA,Djerba,جربة,South,79612,2884,262,33,36,3,3218,1785,123,16,18,2,1944,501,597,40.42,24.42,155.7,1.6
1955,HSU_MEDENINE,Médenine & Zarzis,مدنين وجرجيس,South,123272,4991,52,39,30,4,5116,3090,24,19,15,2,3150,833,925,41.5,25.55,162.8,1.59
1955,HSU_TATAOUINE,Tataouine,تطاوين,South,51365,2122,16,6,3,0,2147,1314,7,3,1,0,1325,352,385,41.8,25.8,163.9,1.6
1955,HSU_KEBILI,Kébili & Nefzaoua,قبلي ونفزاوة,South,69341,2894,7,3,2,0,2906,1792,3,2,1,0,1798,478,520,41.91,25.93,164.5,1.6
1955,HSU_MATMATA,Matmata,مطماطة,South,25682,1075,1,1,1,0,1078,665,0,0,0,0,665,178,193,41.97,25.89,165.1,1.61
