census_year,hsu_id,hsu_name_fr,hsu_name_ar,region_macro,historical_controle_civil,centroid_lat,centroid_lon,area_km2,pop_total,pop_tunisian_muslim,pop_tunisian_jewish,pop_french,pop_italian,pop_maltese,pop_other_european,pop_male,pop_female,num_households,pop_urban_commune,pop_european_total,share_european,share_french,share_italian,share_maltese,share_jewish,share_muslim,ratio_italian_to_french,urbanization_rate,sex_ratio,persons_per_household,pop_density,log_pop_total,log_pop_density,ethno_fractionalization
1921,HSU_AIN_DRAHAM,Aïn Draham,عين دراهم,North-West,TN_CC_SOUK_EL_ARBA,36.78,8.69,600.0,25976,24688,81,828,327,36,16,13300,12676,5093,2886,1207,0.04647,0.03188,0.01259,0.00139,0.00312,0.95042,0.3949,0.1111,1.0492,5.1,43.29,10.1649,3.768,0.0955
1926,HSU_AIN_DRAHAM,Aïn Draham,عين دراهم,North-West,TN_CC_SOUK_EL_ARBA,36.78,8.69,600.0,26792,25327,84,948,373,42,18,13717,13075,5254,2977,1381,0.05155,0.03538,0.01392,0.00157,0.00314,0.94532,0.3935,0.11112,1.0491,5.1,44.65,10.1959,3.7989,0.1049
1931,HSU_AIN_DRAHAM,Aïn Draham,عين دراهم,North-West,TN_CC_SOUK_EL_ARBA,36.78,8.69,600.0,29905,28084,93,1185,468,52,23,15311,14594,5864,3323,1728,0.05778,0.03963,0.01565,0.00174,0.00311,0.93911,0.3949,0.11112,1.0491,5.1,49.84,10.3058,3.9089,0.1162
1936,HSU_AIN_DRAHAM,Aïn Draham,عين دراهم,North-West,TN_CC_SOUK_EL_ARBA,36.78,8.69,600.0,32357,30210,111,1397,551,61,27,16567,15790,6345,3595,2036,0.06292,0.04317,0.01703,0.00189,0.00343,0.93365,0.3944,0.1111,1.0492,5.1,53.93,10.3846,3.9877,0.1261
1946,HSU_AIN_DRAHAM,Aïn Draham,عين دراهم,North-West,TN_CC_SOUK_EL_ARBA,36.78,8.69,600.0,40080,37427,137,1725,684,75,32,20521,19559,7859,4453,2516,0.06277,0.04304,0.01707,0.00187,0.00342,0.93381,0.3965,0.1111,1.0492,5.1,66.8,10.5986,4.2017,0.1258
1956,HSU_AIN_DRAHAM,Aïn Draham,عين دراهم,North-West,TN_CC_SOUK_EL_ARBA,36.78,8.69,600.0,46932,43802,139,2048,816,89,38,24029,22903,9203,5215,2991,0.06373,0.04364,0.01739,0.0019,0.00296,0.93331,0.3984,0.11112,1.0492,5.1,78.22,10.7565,4.3595,0.1267
1921,HSU_BEJA,Béja,باجة,North-West,TN_CC_BEJA,36.7256,9.1817,1800.0,62054,57694,845,2058,1282,124,51,31772,30282,12168,11545,3515,0.05664,0.03316,0.02066,0.002,0.01362,0.92974,0.6229,0.18605,1.0492,5.1,34.47,11.0358,3.5402,0.1339
1926,HSU_BEJA,Béja,باجة,North-West,TN_CC_BEJA,36.7256,9.1817,1800.0,64002,59110,870,2354,1467,141,60,32769,31233,12550,11907,4022,0.06284,0.03678,0.02292,0.0022,0.01359,0.92356,0.6232,0.18604,1.0492,5.1,35.56,11.0667,3.5711,0.145
1931,HSU_BEJA,Béja,باجة,North-West,TN_CC_BEJA,36.7256,9.1817,1800.0,71440,65436,971,2946,1836,176,75,36577,34863,14008,13291,5033,0.07045,0.04124,0.0257,0.00246,0.01359,0.91596,0.6232,0.18604,1.0492,5.1,39.69,11.1766,3.6811,0.1585
1936,HSU_BEJA,Béja,باجة,North-West,TN_CC_BEJA,36.7256,9.1817,1800.0,77297,70214,1157,3469,2160,207,90,39576,37721,15156,14381,5926,0.07667,0.04488,0.02794,0.00268,0.01497,0.90837,0.6227,0.18605,1.0492,5.1,42.94,11.2554,3.7599,0.1718
1946,HSU_BEJA,Béja,باجة,North-West,TN_CC_BEJA,36.7256,9.1817,1800.0,95749,87050,1433,4219,2684,255,108,49024,46725,18774,17814,7266,0.07589,0.04406,0.02803,0.00266,0.01497,0.90915,0.6362,0.18605,1.0492,5.1,53.19,11.4695,3.9739,0.1705
1956,HSU_BEJA,Béja,باجة,North-West,TN_CC_BEJA,36.7256,9.1817,1800.0,112113,102080,1449,4954,3201,300,129,57402,54711,21983,20858,8584,0.07657,0.04419,0.02855,0.00268,0.01292,0.91051,0.6461,0.18604,1.0492,5.1,62.28,11.6273,4.1317,0.168
1921,HSU_BIZERTE,Bizerte Maritime,بنزرت الكبرى,North-East,TN_CC_BIZERTE,37.2744,9.8739,1150.0,79371,63943,1299,7404,5948,544,233,40638,38733,15564,43293,14129,0.17801,0.09328,0.07494,0.00685,0.01637,0.80562,0.8033,0.54545,1.0492,5.1,69.02,11.2819,4.2344,0.3363
1926,HSU_BIZERTE,Bizerte Maritime,بنزرت الكبرى,North-East,TN_CC_BIZERTE,37.2744,9.8739,1150.0,81864,64353,1339,8475,6807,623,267,41914,39950,16052,44653,16172,0.19755,0.10353,0.08315,0.00761,0.01636,0.7861,0.8032,0.54545,1.0492,5.1,71.19,11.3128,4.2653,0.3641
1931,HSU_BIZERTE,Bizerte Maritime,بنزرت الكبرى,North-East,TN_CC_BIZERTE,37.2744,9.8739,1150.0,91378,69650,1495,10603,8517,780,333,46786,44592,17917,49843,20233,0.22142,0.11603,0.09321,0.00854,0.01636,0.76222,0.8033,0.54546,1.0492,5.1,79.46,11.4228,4.3752,0.3965
1936,HSU_BIZERTE,Bizerte Maritime,بنزرت الكبرى,North-East,TN_CC_BIZERTE,37.2744,9.8739,1150.0,98867,73263,1780,12484,10028,918,394,50620,48247,19386,53927,23824,0.24097,0.12627,0.10143,0.00929,0.018,0.74103,0.8033,0.54545,1.0492,5.1,85.97,11.5015,4.454,0.4242
1946,HSU_BIZERTE,Bizerte Maritime,بنزرت الكبرى,North-East,TN_CC_BIZERTE,37.2744,9.8739,1150.0,122469,89149,2204,16337,13065,1199,515,62703,59766,24012,66801,31116,0.25407,0.1334,0.10668,0.00979,0.018,0.72793,0.7997,0.54545,1.0491,5.1,106.49,11.7156,4.6681,0.4405
1956,HSU_BIZERTE,Bizerte Maritime,بنزرت الكبرى,North-East,TN_CC_BIZERTE,37.2744,9.8739,1150.0,143401,102779,2230,20183,16093,1480,636,73422,69979,28118,78219,38392,0.26772,0.14075,0.11222,0.01032,0.01555,0.71672,0.7974,0.54546,1.0492,5.1,124.7,11.8734,4.8259,0.4535
1921,HSU_CAP_BON,Grombalia & Cap Bon Ouest,قرمبالية وغرب الوطن القبلي,North-East,TN_CC_GROMBALIA,36.6,10.5,950.0,40407,36488,310,1396,2056,109,48,20688,19719,7923,4329,3609,0.08932,0.03455,0.05088,0.0027,0.00767,0.90301,1.4728,0.10713,1.0491,5.1,42.53,10.6068,3.7503,0.1807
1926,HSU_CAP_BON,Grombalia & Cap Bon Ouest,قرمبالية وغرب الوطن القبلي,North-East,TN_CC_GROMBALIA,36.6,10.5,950.0,41676,37225,320,1598,2353,126,54,21338,20338,8171,4465,4131,0.09912,0.03834,0.05646,0.00302,0.00768,0.8932,1.4725,0.10714,1.0492,5.1,43.87,10.6377,3.7812,0.1975
1931,HSU_CAP_BON,Grombalia & Cap Bon Ouest,قرمبالية وغرب الوطن القبلي,North-East,TN_CC_GROMBALIA,36.6,10.5,950.0,46519,40993,358,2000,2944,157,67,23818,22701,9121,4984,5168,0.11109,0.04299,0.06329,0.00337,0.0077,0.88121,1.472,0.10714,1.0492,5.1,48.97,10.7476,3.8912,0.2175
1936,HSU_CAP_BON,Grombalia & Cap Bon Ouest,قرمبالية وغرب الوطن القبلي,North-East,TN_CC_GROMBALIA,36.6,10.5,950.0,50333,43822,425,2355,3467,185,79,25770,24563,9869,5393,6086,0.12091,0.04679,0.06888,0.00368,0.00844,0.87064,1.4722,0.10715,1.0491,5.1,52.98,10.8264,3.97,0.235
1946,HSU_CAP_BON,Grombalia & Cap Bon Ouest,قرمبالية وغرب الوطن القبلي,North-East,TN_CC_GROMBALIA,36.6,10.5,950.0,62348,54832,526,2712,3971,215,92,31922,30426,12225,6680,6990,0.11211,0.0435,0.06369,0.00345,0.00844,0.87945,1.4642,0.10714,1.0492,5.1,65.63,11.0405,4.184,0.2205
1956,HSU_CAP_BON,Grombalia & Cap Bon Ouest,قرمبالية وغرب الوطن القبلي,North-East,TN_CC_GROMBALIA,36.6,10.5,950.0,73004,64617,533,3053,4453,244,104,37378,35626,14315,7822,7854,0.10758,0.04182,0.061,0.00334,0.0073,0.88512,1.4586,0.10714,1.0492,5.1,76.85,11.1983,4.3418,0.211
1921,HSU_DAHMANI,Dahmani (Ebba Ksour),الدهماني (القصور),North-West,TN_CC_LE_KEF,35.94,8.83,1300.0,34634,33855,69,391,284,25,10,17733,16901,6791,0,710,0.0205,0.01129,0.0082,0.00072,0.00199,0.97751,0.7263,0.0,1.0492,5.1,26.64,10.4526,3.2825,0.0443
1926,HSU_DAHMANI,Dahmani (Ebba Ksour),الدهماني (القصور),North-West,TN_CC_LE_KEF,35.94,8.83,1300.0,35722,34838,71,447,325,28,13,18290,17432,7004,0,813,0.02276,0.01251,0.0091,0.00078,0.00199,0.97525,0.7271,0.0,1.0492,5.1,27.48,10.4835,3.3134,0.0486
1931,HSU_DAHMANI,Dahmani (Ebba Ksour),الدهماني (القصور),North-West,TN_CC_LE_KEF,35.94,8.83,1300.0,39874,38777,80,559,407,36,15,20415,19459,7818,0,1017,0.02551,0.01402,0.01021,0.0009,0.00201,0.97249,0.7281,0.0,1.0491,5.1,30.67,10.5935,3.4234,0.054
1936,HSU_DAHMANI,Dahmani (Ebba Ksour),الدهماني (القصور),North-West,TN_CC_LE_KEF,35.94,8.83,1300.0,43142,41850,95,658,479,42,18,22089,21053,8459,0,1197,0.02775,0.01525,0.0111,0.00097,0.0022,0.97005,0.728,0.0,1.0492,5.1,33.19,10.6723,3.5021,0.0586
1946,HSU_DAHMANI,Dahmani (Ebba Ksour),الدهماني (القصور),North-West,TN_CC_LE_KEF,35.94,8.83,1300.0,53441,52054,118,698,508,44,19,27362,26079,10479,0,1269,0.02375,0.01306,0.00951,0.00082,0.00221,0.97405,0.7278,0.0,1.0492,5.1,41.11,10.8863,3.7162,0.051
1956,HSU_DAHMANI,Dahmani (Ebba Ksour),الدهماني (القصور),North-West,TN_CC_LE_KEF,35.94,8.83,1300.0,62575,61126,119,732,532,47,19,32038,30537,12270,0,1330,0.02125,0.0117,0.0085,0.00075,0.0019,0.97684,0.7268,0.0,1.0492,5.1,48.13,11.0441,3.874,0.0456
1921,HSU_DJEBINIANA,Djebeniana,جبنيانة,South,TN_CC_SFAX,35.0333,10.9,1200.0,37521,37138,75,139,154,11,4,19211,18310,7357,0,308,0.00821,0.0037,0.0041,0.00029,0.002,0.98979,1.1079,0.0,1.0492,5.1,31.27,10.5327,3.4426,0.0203
1926,HSU_DJEBINIANA,Djebeniana,جبنيانة,South,TN_CC_SFAX,35.0333,10.9,1200.0,38699,38270,77,158,176,12,6,19814,18885,7588,0,352,0.0091,0.00408,0.00455,0.00031,0.00199,0.98891,1.1139,0.0,1.0492,5.1,32.25,10.5636,3.4735,0.022
1931,HSU_DJEBINIANA,Djebeniana,جبنيانة,South,TN_CC_SFAX,35.0333,10.9,1200.0,43196,42669,86,198,220,15,8,22116,21080,8470,0,441,0.01021,0.00458,0.00509,0.00035,0.00199,0.9878,1.1111,0.0,1.0491,5.1,36.0,10.6735,3.5834,0.0242
1936,HSU_DJEBINIANA,Djebeniana,جبنيانة,South,TN_CC_SFAX,35.0333,10.9,1200.0,46738,46116,103,234,260,18,7,23930,22808,9164,0,519,0.0111,0.00501,0.00556,0.00039,0.0022,0.98669,1.1111,0.0,1.0492,5.1,38.95,10.7523,3.6622,0.0264
1946,HSU_DJEBINIANA,Djebeniana,جبنيانة,South,TN_CC_SFAX,35.0333,10.9,1200.0,57894,57217,127,248,275,19,8,29642,28252,11352,0,550,0.0095,0.00428,0.00475,0.00033,0.00219,0.98831,1.1089,0.0,1.0492,5.1,48.24,10.9664,3.8763,0.0232
1956,HSU_DJEBINIANA,Djebeniana,جبنيانة,South,TN_CC_SFAX,35.0333,10.9,1200.0,67789,67084,129,259,288,20,9,34708,33081,13292,0,576,0.0085,0.00382,0.00425,0.0003,0.0019,0.9896,1.112,0.0,1.0492,5.1,56.49,11.1242,4.0341,0.0207
1921,HSU_DJERBA,Djerba,جربة,South,TN_CC_GABES,33.8075,10.8451,514.0,44737,38731,4834,549,572,36,15,22906,21831,8772,7216,1172,0.0262,0.01227,0.01279,0.0008,0.10805,0.86575,1.0419,0.1613,1.0492,5.1,87.04,10.7086,4.4663,0.2385
1926,HSU_DJERBA,Djerba,جربة,South,TN_CC_GABES,33.8075,10.8451,514.0,46141,39814,4986,628,654,41,18,23624,22517,9047,7442,1341,0.02906,0.01361,0.01417,0.00089,0.10806,0.86288,1.0414,0.16129,1.0492,5.1,89.77,10.7395,4.4972,0.2434
1931,HSU_DJERBA,Djerba,جربة,South,TN_CC_GABES,33.8075,10.8451,514.0,51503,44259,5566,785,818,51,24,26369,25134,10099,8307,1678,0.03258,0.01524,0.01588,0.00099,0.10807,0.85935,1.042,0.16129,1.0491,5.1,100.2,10.8494,4.6072,0.2494
1936,HSU_DJERBA,Djerba,جربة,South,TN_CC_GABES,33.8075,10.8451,514.0,55726,47127,6624,925,964,61,25,28532,27194,10926,8988,1975,0.03544,0.0166,0.0173,0.00109,0.11887,0.84569,1.0422,0.16129,1.0492,5.1,108.42,10.9282,4.686,0.2701
1946,HSU_DJERBA,Djerba,جربة,South,TN_CC_GABES,33.8075,10.8451,514.0,69028,58421,8205,1128,1169,73,32,35343,33685,13535,11134,2402,0.0348,0.01634,0.01694,0.00106,0.11886,0.84634,1.0363,0.1613,1.0492,5.1,134.3,11.1423,4.9,0.269
1956,HSU_DJERBA,Djerba,جربة,South,TN_CC_GABES,33.8075,10.8451,514.0,80825,69708,8298,1327,1370,85,37,41382,39443,15848,13036,2819,0.03488,0.01642,0.01695,0.00105,0.10267,0.86246,1.0324,0.16129,1.0492,5.1,157.25,11.3,5.0578,0.2451
1921,HSU_EL_DJEM,El Djem,الجم,Sahel/Center-East,TN_CC_SFAX,35.3,10.7167,900.0,31748,30993,116,296,314,20,9,16255,15493,6225,2886,639,0.02013,0.00932,0.00989,0.00063,0.00365,0.97622,1.0608,0.0909,1.0492,5.1,35.28,10.3656,3.5632,0.0468
1926,HSU_EL_DJEM,El Djem,الجم,Sahel/Center-East,TN_CC_SFAX,35.3,10.7167,900.0,32746,31896,119,339,359,23,10,16766,15980,6421,2977,731,0.02232,0.01035,0.01096,0.0007,0.00363,0.97404,1.059,0.09091,1.0492,5.1,36.38,10.3965,3.5941,0.051
1931,HSU_EL_DJEM,El Djem,الجم,Sahel/Center-East,TN_CC_SFAX,35.3,10.7167,900.0,36551,35503,133,424,449,29,13,18714,17837,7167,3323,915,0.02503,0.0116,0.01228,0.00079,0.00364,0.97133,1.059,0.09091,1.0492,5.1,40.61,10.5065,3.7041,0.0562
1936,HSU_EL_DJEM,El Djem,الجم,Sahel/Center-East,TN_CC_SFAX,35.3,10.7167,900.0,39547,38310,159,500,530,34,14,20248,19299,7754,3595,1078,0.02726,0.01264,0.0134,0.00086,0.00402,0.96872,1.06,0.0909,1.0492,5.1,43.94,10.5852,3.7829,0.0612
1946,HSU_EL_DJEM,El Djem,الجم,Sahel/Center-East,TN_CC_SFAX,35.3,10.7167,900.0,48987,47525,196,589,621,40,16,25081,23906,9605,4453,1266,0.02584,0.01202,0.01268,0.00082,0.004,0.97016,1.0543,0.0909,1.0492,5.1,54.43,10.7993,3.9969,0.0585
1956,HSU_EL_DJEM,El Djem,الجم,Sahel/Center-East,TN_CC_SFAX,35.3,10.7167,900.0,57361,55715,199,674,707,45,21,29369,27992,11248,5215,1447,0.02523,0.01175,0.01233,0.00078,0.00347,0.9713,1.049,0.09092,1.0492,5.1,63.73,10.9571,4.1547,0.0563
1921,HSU_ENFIDHA,Enfidha,النفيضة,Sahel/Center-East,TN_CC_SOUSSE,36.1333,10.3833,950.0,5772,4891,29,554,256,30,12,2955,2817,1132,5772,852,0.14761,0.09598,0.04435,0.0052,0.00502,0.84737,0.4621,1.0,1.049,5.1,6.08,8.6608,1.8043,0.2707
1926,HSU_ENFIDHA,Enfidha,النفيضة,Sahel/Center-East,TN_CC_SOUSSE,36.1333,10.3833,950.0,5954,4949,30,634,292,34,15,3048,2906,1167,5954,975,0.16376,0.10648,0.04904,0.00571,0.00504,0.83121,0.4606,1.0,1.0489,5.1,6.27,8.6918,1.8354,0.2953
1931,HSU_ENFIDHA,Enfidha,النفيضة,Sahel/Center-East,TN_CC_SOUSSE,36.1333,10.3833,950.0,6646,5393,33,793,366,43,18,3403,3243,1303,6646,1220,0.18357,0.11932,0.05507,0.00647,0.00497,0.81147,0.4615,1.0,1.0493,5.1,7.0,8.8018,1.9453,0.3242
1936,HSU_ENFIDHA,Enfidha,النفيضة,Sahel/Center-East,TN_CC_SOUSSE,36.1333,10.3833,950.0,7190,5713,40,934,431,50,22,3681,3509,1410,7190,1437,0.19986,0.1299,0.05994,0.00695,0.00556,0.79458,0.4615,1.0,1.049,5.1,7.57,8.8804,2.024,0.3481
1946,HSU_ENFIDHA,Enfidha,النفيضة,Sahel/Center-East,TN_CC_SOUSSE,36.1333,10.3833,950.0,8907,6966,49,1230,568,66,28,4560,4347,1746,8907,1892,0.21242,0.13809,0.06377,0.00741,0.0055,0.78208,0.4618,1.0,1.049,5.1,9.38,9.0946,2.2381,0.3651
1956,HSU_ENFIDHA,Enfidha,النفيضة,Sahel/Center-East,TN_CC_SOUSSE,36.1333,10.3833,950.0,10429,8032,50,1526,704,82,35,5340,5089,2045,10429,2347,0.22505,0.14632,0.0675,0.00786,0.00479,0.77016,0.4613,1.0,1.0493,5.1,10.98,9.2523,2.3959,0.3808
1921,HSU_GABES,Gabès Littoral,قابس,South,TN_CC_GABES,33.8815,10.0982,7100.0,47623,43548,1400,1454,1082,98,41,24383,23240,9338,11545,2675,0.05617,0.03053,0.02272,0.00206,0.0294,0.91443,0.7442,0.24242,1.0492,5.1,6.71,10.7711,1.9032,0.1615
1926,HSU_GABES,Gabès Littoral,قابس,South,TN_CC_GABES,33.8815,10.0982,7100.0,49118,44613,1444,1663,1238,111,49,25148,23970,9631,11907,3061,0.06232,0.03386,0.0252,0.00226,0.0294,0.90828,0.7444,0.24242,1.0491,5.1,6.92,10.802,1.9341,0.1724
1931,HSU_GABES,Gabès Littoral,قابس,South,TN_CC_GABES,33.8815,10.0982,7100.0,54826,49385,1611,2081,1549,140,60,28071,26755,10750,13291,3830,0.06986,0.03796,0.02825,0.00255,0.02938,0.90076,0.7444,0.24242,1.0492,5.1,7.72,10.9119,2.0441,0.1855
1936,HSU_GABES,Gabès Littoral,قابس,South,TN_CC_GABES,33.8815,10.0982,7100.0,59321,52893,1918,2451,1824,165,70,30372,28949,11632,14381,4510,0.07603,0.04132,0.03075,0.00278,0.03233,0.89164,0.7442,0.24243,1.0492,5.1,8.36,10.9907,2.1229,0.2013
1946,HSU_GABES,Gabès Littoral,قابس,South,TN_CC_GABES,33.8815,10.0982,7100.0,73482,65423,2376,3094,2294,206,89,37623,35859,14408,17814,5683,0.07734,0.04211,0.03122,0.0028,0.03233,0.89033,0.7414,0.24243,1.0492,5.1,10.35,11.2048,2.3369,0.2035
1956,HSU_GABES,Gabès Littoral,قابس,South,TN_CC_GABES,33.8815,10.0982,7100.0,86040,76794,2402,3731,2759,248,106,44052,41988,16871,20858,6844,0.07954,0.04336,0.03207,0.00288,0.02792,0.89254,0.7395,0.24242,1.0492,5.1,12.12,11.3626,2.4947,0.1997
1921,HSU_GAFSA,Gafsa & Bassin Minier,قفصة والحوض المنجمي,South,TN_CC_GAFSA,34.425,8.7842,6500.0,56282,50751,1105,2107,2084,164,71,28816,27466,11036,24534,4426,0.07864,0.03744,0.03703,0.00291,0.01963,0.90173,0.9891,0.43591,1.0492,5.1,8.66,10.9381,2.1586,0.1837
1926,HSU_GAFSA,Gafsa & Bassin Minier,قفصة والحوض المنجمي,South,TN_CC_GAFSA,34.425,8.7842,6500.0,58049,51843,1140,2413,2386,188,79,29721,28328,11382,25304,5066,0.08727,0.04157,0.0411,0.00324,0.01964,0.89309,0.9888,0.43591,1.0492,5.1,8.93,10.969,2.1895,0.1986
1931,HSU_GAFSA,Gafsa & Bassin Minier,قفصة والحوض المنجمي,South,TN_CC_GAFSA,34.425,8.7842,6500.0,64794,57184,1272,3018,2985,234,101,33175,31619,12706,28243,6338,0.09782,0.04658,0.04607,0.00361,0.01963,0.88255,0.9891,0.43589,1.0492,5.1,9.97,11.079,2.2994,0.2164
1936,HSU_GAFSA,Gafsa & Bassin Minier,قفصة والحوض المنجمي,South,TN_CC_GAFSA,34.425,8.7842,6500.0,70107,61129,1515,3553,3515,277,118,35894,34213,13746,30560,7463,0.10645,0.05068,0.05014,0.00395,0.02161,0.87194,0.9893,0.43591,1.0491,5.1,10.79,11.1578,2.3782,0.2342
1946,HSU_GAFSA,Gafsa & Bassin Minier,قفصة والحوض المنجمي,South,TN_CC_GAFSA,34.425,8.7842,6500.0,86842,75364,1876,4567,4527,356,152,44463,42379,17028,37854,9602,0.11057,0.05259,0.05213,0.0041,0.0216,0.86783,0.9912,0.4359,1.0492,5.1,13.36,11.3718,2.5923,0.2409
1956,HSU_GAFSA,Gafsa & Bassin Minier,قفصة والحوض المنجمي,South,TN_CC_GAFSA,34.425,8.7842,6500.0,101684,88057,1897,5574,5534,436,186,52062,49622,19937,44324,11730,0.11536,0.05482,0.05442,0.00429,0.01866,0.86599,0.9928,0.4359,1.0492,5.1,15.64,11.5296,2.7501,0.2437
1921,HSU_GHARDIMAOU,Ghardimaou,غار الدماء,North-West,TN_CC_SOUK_EL_ARBA,36.45,8.44,800.0,25976,25498,52,247,162,12,5,13300,12676,5093,0,426,0.0164,0.00951,0.00624,0.00046,0.002,0.9816,0.6559,0.0,1.0492,5.1,32.47,10.1649,3.4803,0.0363
1926,HSU_GHARDIMAOU,Ghardimaou,غار الدماء,North-West,TN_CC_SOUK_EL_ARBA,36.45,8.44,800.0,26792,26250,54,283,185,14,6,13718,13074,5253,0,488,0.01821,0.01056,0.00691,0.00052,0.00202,0.97977,0.6537,0.0,1.0493,5.1,33.49,10.1959,3.5112,0.0399
1931,HSU_GHARDIMAOU,Ghardimaou,غار الدماء,North-West,TN_CC_SOUK_EL_ARBA,36.45,8.44,800.0,29905,29235,60,354,232,17,7,15311,14594,5864,0,610,0.0204,0.01184,0.00776,0.00057,0.00201,0.9776,0.6554,0.0,1.0491,5.1,37.38,10.3058,3.6212,0.0441
1936,HSU_GHARDIMAOU,Ghardimaou,غار الدماء,North-West,TN_CC_SOUK_EL_ARBA,36.45,8.44,800.0,32357,31568,71,416,273,20,9,16567,15790,6345,0,718,0.02219,0.01286,0.00844,0.00062,0.00219,0.97562,0.6562,0.0,1.0492,5.1,40.45,10.3846,3.7,0.0479
1946,HSU_GHARDIMAOU,Ghardimaou,غار الدماء,North-West,TN_CC_SOUK_EL_ARBA,36.45,8.44,800.0,40081,39231,88,442,290,21,9,20521,19560,7859,0,762,0.01901,0.01103,0.00724,0.00052,0.0022,0.97879,0.6561,0.0,1.0491,5.1,50.1,10.5987,3.914,0.0418
1956,HSU_GHARDIMAOU,Ghardimaou,غار الدماء,North-West,TN_CC_SOUK_EL_ARBA,36.45,8.44,800.0,46931,46044,89,463,303,22,10,24029,22902,9202,0,798,0.017,0.00987,0.00646,0.00047,0.0019,0.9811,0.6544,0.0,1.0492,5.1,58.66,10.7564,4.0718,0.0373
1921,HSU_KAIROUAN,Kairouan,القيروان,Center-West,TN_CC_KAIROUAN,35.6781,10.0963,4200.0,75041,72056,808,1197,871,77,32,38421,36620,14713,17317,2177,0.02901,0.01595,0.01161,0.00103,0.01077,0.96022,0.7277,0.23077,1.0492,5.1,17.87,11.2258,2.883,0.0775
1926,HSU_KAIROUAN,Kairouan,القيروان,Center-West,TN_CC_KAIROUAN,35.6781,10.0963,4200.0,77398,74073,833,1370,997,87,38,39628,37770,15176,17861,2492,0.0322,0.0177,0.01288,0.00112,0.01076,0.95704,0.7277,0.23077,1.0492,5.1,18.43,11.2567,2.9139,0.0835
1931,HSU_KAIROUAN,Kairouan,القيروان,Center-West,TN_CC_KAIROUAN,35.6781,10.0963,4200.0,86393,82345,930,1715,1247,109,47,44233,42160,16940,19937,3118,0.03609,0.01985,0.01443,0.00126,0.01076,0.95314,0.7271,0.23077,1.0492,5.1,20.57,11.3667,3.0238,0.0908
1936,HSU_KAIROUAN,Kairouan,القيروان,Center-West,TN_CC_KAIROUAN,35.6781,10.0963,4200.0,93475,88697,1107,2019,1468,129,55,47859,45616,18329,21571,3671,0.03927,0.0216,0.0157,0.00138,0.01184,0.94888,0.7271,0.23077,1.0492,5.1,22.26,11.4454,3.1026,0.0988
1946,HSU_KAIROUAN,Kairouan,القيروان,Center-West,TN_CC_KAIROUAN,35.6781,10.0963,4200.0,115788,109786,1372,2546,1852,162,70,59284,56504,22703,26720,4630,0.03999,0.02199,0.01599,0.0014,0.01185,0.94816,0.7274,0.23077,1.0492,5.1,27.57,11.6595,3.3167,0.1001
1956,HSU_KAIROUAN,Kairouan,القيروان,Center-West,TN_CC_KAIROUAN,35.6781,10.0963,4200.0,135578,128612,1387,3068,2231,195,85,69416,66162,26584,31287,5579,0.04115,0.02263,0.01646,0.00144,0.01023,0.94862,0.7272,0.23077,1.0492,5.1,32.28,11.8173,3.4745,0.0992
1921,HSU_KASSERINE,Kasserine,القصرين,Center-West,TN_CC_THALA,35.1667,8.8333,2500.0,25976,25737,26,128,75,7,3,13300,12676,5093,0,213,0.0082,0.00493,0.00289,0.00027,0.001,0.9908,0.5859,0.0,1.0492,5.1,10.39,10.1649,2.3409,0.0183
1926,HSU_KASSERINE,Kasserine,القصرين,Center-West,TN_CC_THALA,35.1667,8.8333,2500.0,26792,26521,27,146,85,9,4,13718,13074,5253,0,244,0.00911,0.00545,0.00317,0.00034,0.00101,0.98989,0.5822,0.0,1.0493,5.1,10.72,10.1959,2.3718,0.0201
1931,HSU_KASSERINE,Kasserine,القصرين,Center-West,TN_CC_THALA,35.1667,8.8333,2500.0,29905,29570,30,183,107,11,4,15311,14594,5864,0,305,0.0102,0.00612,0.00358,0.00037,0.001,0.9888,0.5847,0.0,1.0491,5.1,11.96,10.3058,2.4817,0.0222
1936,HSU_KASSERINE,Kasserine,القصرين,Center-West,TN_CC_THALA,35.1667,8.8333,2500.0,32357,31962,36,215,126,13,5,16567,15790,6345,0,359,0.01109,0.00664,0.00389,0.0004,0.00111,0.98779,0.586,0.0,1.0492,5.1,12.94,10.3846,2.5605,0.0242
1946,HSU_KASSERINE,Kasserine,القصرين,Center-West,TN_CC_THALA,35.1667,8.8333,2500.0,40081,39656,44,229,133,13,6,20521,19560,7859,0,381,0.00951,0.00571,0.00332,0.00032,0.0011,0.9894,0.5808,0.0,1.0491,5.1,16.03,10.5987,2.7746,0.021
1956,HSU_KASSERINE,Kasserine,القصرين,Center-West,TN_CC_THALA,35.1667,8.8333,2500.0,46931,46487,45,239,140,14,6,24029,22902,9202,0,399,0.0085,0.00509,0.00298,0.0003,0.00096,0.99054,0.5858,0.0,1.0492,5.1,18.77,10.7564,2.9324,0.0188
1921,HSU_KEBILI,Kébili & Nefzaoua,قبلي ونفزاوة,South,TN_TERR_SUD,33.7044,8.9692,22000.0,38964,38722,125,70,41,4,2,19949,19015,7640,0,117,0.003,0.0018,0.00105,0.0001,0.00321,0.99379,0.5857,0.0,1.0491,5.1,1.77,10.5704,0.5716,0.0124
1926,HSU_KEBILI,Kébili & Nefzaoua,قبلي ونفزاوة,South,TN_TERR_SUD,33.7044,8.9692,22000.0,40187,39922,130,81,48,5,1,20576,19611,7880,0,135,0.00336,0.00202,0.00119,0.00012,0.00323,0.99341,0.5926,0.0,1.0492,5.1,1.83,10.6013,0.6025,0.0131
1931,HSU_KEBILI,Kébili & Nefzaoua,قبلي ونفزاوة,South,TN_TERR_SUD,33.7044,8.9692,22000.0,44858,44545,145,101,58,5,4,22968,21890,8795,0,168,0.00375,0.00225,0.00129,0.00011,0.00323,0.99302,0.5743,0.0,1.0492,5.1,2.04,10.7113,0.7125,0.0139
1936,HSU_KEBILI,Kébili & Nefzaoua,قبلي ونفزاوة,South,TN_TERR_SUD,33.7044,8.9692,22000.0,48535,48165,172,119,69,7,3,24850,23685,9517,0,198,0.00408,0.00245,0.00142,0.00014,0.00354,0.99238,0.5798,0.0,1.0492,5.1,2.21,10.79,0.7912,0.0152
1946,HSU_KEBILI,Kébili & Nefzaoua,قبلي ونفزاوة,South,TN_TERR_SUD,33.7044,8.9692,22000.0,60121,59698,213,126,74,8,2,30782,29339,11788,0,210,0.00349,0.0021,0.00123,0.00013,0.00354,0.99296,0.5873,0.0,1.0492,5.1,2.73,11.0041,1.0053,0.014
1956,HSU_KEBILI,Kébili & Nefzaoua,قبلي ونفزاوة,South,TN_TERR_SUD,33.7044,8.9692,22000.0,70396,69961,216,132,77,8,2,36043,34353,13803,0,219,0.00311,0.00188,0.00109,0.00011,0.00307,0.99382,0.5833,0.0,1.0492,5.1,3.2,11.1619,1.1631,0.0123
1921,HSU_KERKENNAH,Kerkennah,قرقنة,South,TN_CC_SFAX,34.7333,11.2167,160.0,11545,11486,12,19,26,2,0,5911,5634,2264,0,47,0.00407,0.00165,0.00225,0.00017,0.00104,0.99489,1.3684,0.0,1.0492,5.1,72.16,9.354,4.2788,0.0102
1926,HSU_KERKENNAH,Kerkennah,قرقنة,South,TN_CC_SFAX,34.7333,11.2167,160.0,11907,11841,12,22,30,2,0,6096,5811,2335,0,54,0.00454,0.00185,0.00252,0.00017,0.00101,0.99446,1.3636,0.0,1.049,5.1,74.42,9.3849,4.3097,0.011
1931,HSU_KERKENNAH,Kerkennah,قرقنة,South,TN_CC_SFAX,34.7333,11.2167,160.0,13291,13210,13,27,37,2,2,6805,6486,2606,0,68,0.00512,0.00203,0.00278,0.00015,0.00098,0.99391,1.3704,0.0,1.0492,5.1,83.07,9.4948,4.4197,0.0121
1936,HSU_KERKENNAH,Kerkennah,قرقنة,South,TN_CC_SFAX,34.7333,11.2167,160.0,14381,14285,16,32,44,3,1,7363,7018,2820,0,80,0.00556,0.00223,0.00306,0.00021,0.00111,0.99332,1.375,0.0,1.0492,5.1,89.88,9.5737,4.4985,0.0133
1946,HSU_KERKENNAH,Kerkennah,قرقنة,South,TN_CC_SFAX,34.7333,11.2167,160.0,17814,17709,20,34,47,3,1,9121,8693,3493,0,85,0.00477,0.00191,0.00264,0.00017,0.00112,0.99411,1.3824,0.0,1.0492,5.1,111.34,9.7877,4.7126,0.0117
1956,HSU_KERKENNAH,Kerkennah,قرقنة,South,TN_CC_SFAX,34.7333,11.2167,160.0,20858,20749,20,36,49,3,1,10679,10179,4090,0,89,0.00427,0.00173,0.00235,0.00014,0.00096,0.99477,1.3611,0.0,1.0491,5.1,130.36,9.9455,4.8703,0.0104
1921,HSU_LE_KEF,Le Kef,الكاف,North-West,TN_CC_LE_KEF,36.1742,8.7047,1900.0,51952,49074,606,1285,873,80,34,26599,25353,10187,8659,2272,0.04373,0.02473,0.0168,0.00154,0.01166,0.9446,0.6794,0.16667,1.0491,5.1,27.34,10.8581,3.3085,0.1067
1926,HSU_LE_KEF,Le Kef,الكاف,North-West,TN_CC_LE_KEF,36.1742,8.7047,1900.0,53584,50357,626,1471,1000,91,39,27435,26149,10506,8931,2601,0.04854,0.02745,0.01866,0.0017,0.01168,0.93978,0.6798,0.16667,1.0492,5.1,28.2,10.889,3.3394,0.1156
1931,HSU_LE_KEF,Le Kef,الكاف,North-West,TN_CC_LE_KEF,36.1742,8.7047,1900.0,59810,55859,697,1840,1251,114,49,30623,29187,11728,9968,3254,0.05441,0.03076,0.02092,0.00191,0.01165,0.93394,0.6799,0.16666,1.0492,5.1,31.48,10.9989,3.4493,0.1262
1936,HSU_LE_KEF,Le Kef,الكاف,North-West,TN_CC_LE_KEF,36.1742,8.7047,1900.0,64714,60053,830,2167,1473,134,57,33133,31581,12689,10786,3831,0.0592,0.03349,0.02276,0.00207,0.01283,0.92798,0.6797,0.16667,1.0491,5.1,34.06,11.0777,3.5281,0.1371
1946,HSU_LE_KEF,Le Kef,الكاف,North-West,TN_CC_LE_KEF,36.1742,8.7047,1900.0,80161,74395,1029,2668,1831,165,73,41042,39119,15718,13360,4737,0.05909,0.03328,0.02284,0.00206,0.01284,0.92807,0.6863,0.16666,1.0492,5.1,42.19,11.2918,3.7422,0.1369
1956,HSU_LE_KEF,Le Kef,الكاف,North-West,TN_CC_LE_KEF,36.1742,8.7047,1900.0,93863,87191,1040,3164,2186,198,84,48058,45805,18404,15644,5632,0.06,0.03371,0.02329,0.00211,0.01108,0.92892,0.6909,0.16667,1.0492,5.1,49.4,11.4496,3.9,0.1353
1921,HSU_MAHDIA,Mahdia & Sahel Sud,المهدية وجنوب الساحل,Sahel/Center-East,TN_CC_SOUSSE,35.5047,11.0622,1600.0,59168,56627,577,859,999,75,31,30294,28874,11602,8659,1964,0.03319,0.01452,0.01688,0.00127,0.00975,0.95705,1.163,0.14635,1.0492,5.1,36.98,10.9881,3.6104,0.0835
1926,HSU_MAHDIA,Mahdia & Sahel Sud,المهدية وجنوب الساحل,Sahel/Center-East,TN_CC_SOUSSE,35.5047,11.0622,1600.0,61026,58182,596,983,1143,86,36,31246,29780,11966,8931,2248,0.03684,0.01611,0.01873,0.00141,0.00977,0.9534,1.1628,0.14635,1.0492,5.1,38.14,11.0191,3.6413,0.0903
1931,HSU_MAHDIA,Mahdia & Sahel Sud,المهدية وجنوب الساحل,Sahel/Center-East,TN_CC_SOUSSE,35.5047,11.0622,1600.0,68117,64640,664,1230,1431,107,45,34876,33241,13357,9968,2813,0.0413,0.01806,0.02101,0.00157,0.00975,0.94896,1.1634,0.14634,1.0492,5.1,42.57,11.129,3.7512,0.0986
1936,HSU_MAHDIA,Mahdia & Sahel Sud,المهدية وجنوب الساحل,Sahel/Center-East,TN_CC_SOUSSE,35.5047,11.0622,1600.0,73702,69598,791,1449,1684,126,54,37735,35967,14451,10786,3313,0.04495,0.01966,0.02285,0.00171,0.01073,0.94432,1.1622,0.14635,1.0492,5.1,46.06,11.2078,3.83,0.1072
1946,HSU_MAHDIA,Mahdia & Sahel Sud,المهدية وجنوب الساحل,Sahel/Center-East,TN_CC_SOUSSE,35.5047,11.0622,1600.0,91295,86312,980,1757,2031,150,65,46743,44552,17901,13360,4003,0.04385,0.01925,0.02225,0.00164,0.01073,0.94542,1.1559,0.14634,1.0492,5.1,57.06,11.4219,4.0441,0.1052
1956,HSU_MAHDIA,Mahdia & Sahel Sud,المهدية وجنوب الساحل,Sahel/Center-East,TN_CC_SOUSSE,35.5047,11.0622,1600.0,106899,101228,991,2059,2371,175,75,54733,52166,20960,15644,4680,0.04378,0.01926,0.02218,0.00164,0.00927,0.94695,1.1515,0.14634,1.0492,5.1,66.81,11.5796,4.2019,0.1023
1921,HSU_MAKTAR,Maktar & Siliana,مكثر وسليانة,Center-West,TN_CC_KAIROUAN,35.85,9.2,2100.0,38964,37721,130,630,433,35,15,19950,19014,7640,2886,1113,0.02856,0.01617,0.01111,0.0009,0.00334,0.9681,0.6873,0.07407,1.0492,5.1,18.55,10.5704,2.9207,0.0624
1926,HSU_MAKTAR,Maktar & Siliana,مكثر وسليانة,Center-West,TN_CC_KAIROUAN,35.85,9.2,2100.0,40188,38781,134,721,495,40,17,20576,19612,7880,2977,1273,0.03168,0.01794,0.01232,0.001,0.00333,0.96499,0.6865,0.07408,1.0492,5.1,19.14,10.6013,2.9516,0.0683
1931,HSU_MAKTAR,Maktar & Siliana,مكثر وسليانة,Center-West,TN_CC_KAIROUAN,35.85,9.2,2100.0,44858,43116,149,901,620,50,22,22967,21891,8796,3323,1593,0.03551,0.02009,0.01382,0.00111,0.00332,0.96117,0.6881,0.07408,1.0492,5.1,21.36,10.7113,3.0616,0.0756
1936,HSU_MAKTAR,Maktar & Siliana,مكثر وسليانة,Center-West,TN_CC_KAIROUAN,35.85,9.2,2100.0,48535,46481,178,1062,730,59,25,24850,23685,9517,3595,1876,0.03865,0.02188,0.01504,0.00122,0.00367,0.95768,0.6874,0.07407,1.0492,5.1,23.11,10.79,3.1403,0.0821
1946,HSU_MAKTAR,Maktar & Siliana,مكثر وسليانة,Center-West,TN_CC_KAIROUAN,35.85,9.2,2100.0,60121,57687,220,1250,864,70,30,30782,29339,11788,4453,2214,0.03683,0.02079,0.01437,0.00116,0.00366,0.95951,0.6912,0.07407,1.0492,5.1,28.63,11.0041,3.3544,0.0787
1956,HSU_MAKTAR,Maktar & Siliana,مكثر وسليانة,Center-West,TN_CC_KAIROUAN,35.85,9.2,2100.0,70397,67632,223,1432,995,81,34,36043,34354,13804,5215,2542,0.03611,0.02034,0.01413,0.00115,0.00317,0.96072,0.6948,0.07408,1.0492,5.1,33.52,11.1619,3.5122,0.0764
1921,HSU_MATEUR,Mateur - Ichkeul,ماطر والإشكل,North-East,TN_CC_BIZERTE,37.04,9.665,1200.0,37520,35106,332,1093,884,72,33,19210,18310,7357,5772,2082,0.05549,0.02913,0.02356,0.00192,0.00885,0.93566,0.8088,0.15384,1.0492,5.1,31.27,10.5326,3.4426,0.1231
1926,HSU_MATEUR,Mateur - Ichkeul,ماطر والإشكل,North-East,TN_CC_BIZERTE,37.04,9.665,1200.0,38699,35972,343,1252,1013,84,35,19813,18886,7588,5954,2384,0.0616,0.03235,0.02618,0.00217,0.00886,0.92953,0.8091,0.15385,1.0491,5.1,32.25,10.5636,3.4735,0.1342
1931,HSU_MATEUR,Mateur - Ichkeul,ماطر والإشكل,North-East,TN_CC_BIZERTE,37.04,9.665,1200.0,43197,39833,382,1566,1267,104,45,22117,21080,8470,6646,2982,0.06903,0.03625,0.02933,0.00241,0.00884,0.92212,0.8091,0.15385,1.0492,5.1,36.0,10.6735,3.5834,0.1474
1936,HSU_MATEUR,Mateur - Ichkeul,ماطر والإشكل,North-East,TN_CC_BIZERTE,37.04,9.665,1200.0,46737,42770,455,1844,1492,122,54,23929,22808,9164,7190,3512,0.07514,0.03945,0.03192,0.00261,0.00974,0.91512,0.8091,0.15384,1.0491,5.1,38.95,10.7523,3.6622,0.1599
1946,HSU_MATEUR,Mateur - Ichkeul,ماطر والإشكل,North-East,TN_CC_BIZERTE,37.04,9.665,1200.0,57895,53158,563,2180,1785,146,63,29642,28253,11351,8907,4174,0.0721,0.03765,0.03083,0.00252,0.00972,0.91818,0.8188,0.15385,1.0492,5.1,48.25,10.9664,3.8763,0.1545
1956,HSU_MATEUR,Mateur - Ichkeul,ماطر والإشكل,North-East,TN_CC_BIZERTE,37.04,9.665,1200.0,67789,62402,569,2506,2071,168,73,34708,33081,13292,10429,4818,0.07107,0.03697,0.03055,0.00248,0.00839,0.92053,0.8264,0.15385,1.0492,5.1,56.49,11.1242,4.0341,0.1502
1921,HSU_MATMATA,Matmata,مطماطة,South,TN_TERR_SUD,33.5431,9.9675,4500.0,14431,14381,14,22,13,1,0,7389,7042,2830,0,36,0.00249,0.00152,0.0009,7e-05,0.00097,0.99654,0.5909,0.0,1.0493,5.1,3.21,9.5771,1.1653,0.0069
1926,HSU_MATMATA,Matmata,مطماطة,South,TN_TERR_SUD,33.5431,9.9675,4500.0,14884,14828,15,25,14,1,1,7621,7263,2918,0,41,0.00275,0.00168,0.00094,7e-05,0.00101,0.99624,0.56,0.0,1.0493,5.1,3.31,9.608,1.1962,0.0075
1931,HSU_MATMATA,Matmata,مطماطة,South,TN_TERR_SUD,33.5431,9.9675,4500.0,16614,16546,17,31,18,2,0,8506,8108,3258,0,51,0.00307,0.00187,0.00108,0.00012,0.00102,0.99591,0.5806,0.0,1.0491,5.1,3.69,9.718,1.3062,0.0082
1936,HSU_MATMATA,Matmata,مطماطة,South,TN_TERR_SUD,33.5431,9.9675,4500.0,17976,17896,20,36,21,2,1,9204,8772,3525,0,60,0.00334,0.002,0.00117,0.00011,0.00111,0.99555,0.5833,0.0,1.0492,5.1,3.99,9.7968,1.385,0.0089
1946,HSU_MATMATA,Matmata,مطماطة,South,TN_TERR_SUD,33.5431,9.9675,4500.0,22267,22180,24,38,22,2,1,11401,10866,4366,0,63,0.00283,0.00171,0.00099,9e-05,0.00108,0.99609,0.5789,0.0,1.0492,5.1,4.95,10.0109,1.599,0.0078
1956,HSU_MATMATA,Matmata,مطماطة,South,TN_TERR_SUD,33.5431,9.9675,4500.0,26073,25982,25,40,23,2,1,13349,12724,5112,0,66,0.00253,0.00153,0.00088,8e-05,0.00096,0.99651,0.575,0.0,1.0491,5.1,5.79,10.1687,1.7568,0.007
1921,HSU_MEDENINE,Médenine & Zarzis,مدنين وجرجيس,South,TN_TERR_SUD,33.3547,10.5053,8500.0,69269,67210,953,609,443,38,16,35465,33804,13583,18760,1106,0.01597,0.00879,0.0064,0.00055,0.01376,0.97028,0.7274,0.27083,1.0491,5.1,8.15,11.1458,2.0979,0.0583
1926,HSU_MEDENINE,Médenine & Zarzis,مدنين وجرجيس,South,TN_TERR_SUD,33.3547,10.5053,8500.0,71445,69196,983,696,507,44,19,36580,34865,14008,19350,1266,0.01772,0.00974,0.0071,0.00062,0.01376,0.96852,0.7284,0.27084,1.0492,5.1,8.41,11.1767,2.1289,0.0616
1931,HSU_MEDENINE,Médenine & Zarzis,مدنين وجرجيس,South,TN_TERR_SUD,33.3547,10.5053,8500.0,79747,77067,1096,871,634,55,24,40831,38916,15637,21598,1584,0.01986,0.01092,0.00795,0.00069,0.01374,0.96639,0.7279,0.27083,1.0492,5.1,9.38,11.2866,2.2388,0.0657
1936,HSU_MEDENINE,Médenine & Zarzis,مدنين وجرجيس,South,TN_TERR_SUD,33.3547,10.5053,8500.0,86285,83114,1305,1026,748,65,27,44177,42108,16918,23369,1866,0.02163,0.01189,0.00867,0.00075,0.01512,0.96325,0.729,0.27084,1.0491,5.1,10.15,11.3654,2.3176,0.0717
1946,HSU_MEDENINE,Médenine & Zarzis,مدنين وجرجيس,South,TN_TERR_SUD,33.3547,10.5053,8500.0,106882,102900,1616,1302,947,84,33,54723,52159,20957,28947,2366,0.02214,0.01218,0.00886,0.00079,0.01512,0.96274,0.7273,0.27083,1.0492,5.1,12.57,11.5795,2.5317,0.0727
1956,HSU_MEDENINE,Médenine & Zarzis,مدنين وجرجيس,South,TN_TERR_SUD,33.3547,10.5053,8500.0,125150,120650,1635,1576,1145,100,44,64078,61072,24539,33895,2865,0.02289,0.01259,0.00915,0.0008,0.01306,0.96404,0.7265,0.27083,1.0492,5.1,14.72,11.7373,2.6894,0.0702
1921,HSU_MEDJEZ_EL_BAB,Medjez el-Bab & Testour,مجاز الباب وتستور,North-West,TN_CC_BEJA,36.65,9.61,1250.0,40406,37336,419,1509,1010,93,39,20687,19719,7923,8658,2651,0.06561,0.03735,0.025,0.0023,0.01037,0.92402,0.6693,0.21428,1.0491,5.1,32.32,10.6067,3.4758,0.1441
1926,HSU_MEDJEZ_EL_BAB,Medjez el-Bab & Testour,مجاز الباب وتستور,North-West,TN_CC_BEJA,36.65,9.61,1250.0,41675,38209,432,1726,1156,106,46,21337,20338,8171,8930,3034,0.0728,0.04142,0.02774,0.00254,0.01037,0.91683,0.6698,0.21428,1.0491,5.1,33.34,10.6377,3.5068,0.1568
1931,HSU_MEDJEZ_EL_BAB,Medjez el-Bab & Testour,مجاز الباب وتستور,North-West,TN_CC_BEJA,36.65,9.61,1250.0,46519,42241,482,2161,1445,132,58,23818,22701,9121,9968,3796,0.0816,0.04645,0.03106,0.00284,0.01036,0.90804,0.6687,0.21428,1.0492,5.1,37.22,10.7476,3.6167,0.1722
1936,HSU_MEDJEZ_EL_BAB,Medjez el-Bab & Testour,مجاز الباب وتستور,North-West,TN_CC_BEJA,36.65,9.61,1250.0,50333,45289,574,2545,1702,157,66,25770,24563,9868,10786,4470,0.08881,0.05056,0.03381,0.00312,0.0114,0.89979,0.6688,0.21429,1.0491,5.1,40.27,10.8264,3.6955,0.1865
1946,HSU_MEDJEZ_EL_BAB,Medjez el-Bab & Testour,مجاز الباب وتستور,North-West,TN_CC_BEJA,36.65,9.61,1250.0,62348,56315,710,3013,2044,186,80,31922,30426,12225,13360,5323,0.08538,0.04833,0.03278,0.00298,0.01139,0.90324,0.6784,0.21428,1.0492,5.1,49.88,11.0405,3.9096,0.1806
1956,HSU_MEDJEZ_EL_BAB,Medjez el-Bab & Testour,مجاز الباب وتستور,North-West,TN_CC_BEJA,36.65,9.61,1250.0,73004,66133,718,3467,2378,215,93,37378,35626,14315,15644,6153,0.08428,0.04749,0.03257,0.00295,0.00984,0.90588,0.6859,0.21429,1.0492,5.1,58.4,11.1983,4.0674,0.176
1921,HSU_MENZEL_TEMIME,Menzel Temime & Cap Bon Est,منزل تميم وشرق الوطن القبلي,North-East,TN_CC_GROMBALIA,36.78,10.99,750.0,54837,52718,462,706,868,58,25,28076,26761,10753,11544,1657,0.03022,0.01287,0.01583,0.00106,0.00842,0.96136,1.2295,0.21051,1.0491,5.1,73.12,10.9121,4.292,0.0753
1926,HSU_MENZEL_TEMIME,Menzel Temime & Cap Bon Est,منزل تميم وشرق الوطن القبلي,North-East,TN_CC_GROMBALIA,36.78,10.99,750.0,56561,54189,476,808,993,66,29,28958,27603,11089,11908,1896,0.03352,0.01429,0.01756,0.00117,0.00842,0.95806,1.229,0.21053,1.0491,5.1,75.41,10.9431,4.323,0.0815
1931,HSU_MENZEL_TEMIME,Menzel Temime & Cap Bon Est,منزل تميم وشرق الوطن القبلي,North-East,TN_CC_GROMBALIA,36.78,10.99,750.0,63134,60230,532,1011,1242,83,36,32325,30809,12379,13292,2372,0.03757,0.01601,0.01967,0.00131,0.00843,0.954,1.2285,0.21054,1.0492,5.1,84.18,11.053,4.4329,0.0892
1936,HSU_MENZEL_TEMIME,Menzel Temime & Cap Bon Est,منزل تميم وشرق الوطن القبلي,North-East,TN_CC_GROMBALIA,36.78,10.99,750.0,68308,64881,634,1190,1463,98,42,34973,33335,13394,14380,2793,0.04089,0.01742,0.02142,0.00143,0.00928,0.94983,1.2294,0.21052,1.0491,5.1,91.08,11.1318,4.5117,0.097
1946,HSU_MENZEL_TEMIME,Menzel Temime & Cap Bon Est,منزل تميم وشرق الوطن القبلي,North-East,TN_CC_GROMBALIA,36.78,10.99,750.0,84615,80460,784,1428,1774,117,52,43322,41293,16590,17814,3371,0.03984,0.01688,0.02097,0.00138,0.00927,0.9509,1.2423,0.21053,1.0491,5.1,112.82,11.3459,4.7258,0.095
1956,HSU_MENZEL_TEMIME,Menzel Temime & Cap Bon Est,منزل تميم وشرق الوطن القبلي,North-East,TN_CC_GROMBALIA,36.78,10.99,750.0,99077,94347,793,1662,2078,139,58,50728,48349,19427,20858,3937,0.03974,0.01677,0.02097,0.0014,0.008,0.95226,1.2503,0.21052,1.0492,5.1,132.1,11.5037,4.8836,0.0924
1921,HSU_MONASTIR,Monastir & Sahel Central,المنستير ووسط الساحل,Sahel/Center-East,TN_CC_SOUSSE,35.778,10.8262,1050.0,83701,80787,1068,865,888,65,28,42855,40846,16412,25977,1846,0.02205,0.01033,0.01061,0.00078,0.01276,0.96519,1.0266,0.31035,1.0492,5.1,79.72,11.335,4.3785,0.068
1926,HSU_MONASTIR,Monastir & Sahel Central,المنستير ووسط الساحل,Sahel/Center-East,TN_CC_SOUSSE,35.778,10.8262,1050.0,86329,83115,1101,991,1018,74,30,44201,42128,16927,26792,2113,0.02448,0.01148,0.01179,0.00086,0.01275,0.96277,1.0272,0.31035,1.0492,5.1,82.22,11.3659,4.4094,0.0726
1931,HSU_MONASTIR,Monastir & Sahel Central,المنستير ووسط الساحل,Sahel/Center-East,TN_CC_SOUSSE,35.778,10.8262,1050.0,96361,92488,1230,1239,1271,93,40,49337,47024,18895,29905,2643,0.02743,0.01286,0.01319,0.00097,0.01276,0.95981,1.0258,0.31034,1.0492,5.1,91.77,11.4759,4.5193,0.0783
1936,HSU_MONASTIR,Monastir & Sahel Central,المنستير ووسط الساحل,Sahel/Center-East,TN_CC_SOUSSE,35.778,10.8262,1050.0,104261,99685,1463,1459,1498,109,47,53381,50880,20443,32357,3113,0.02986,0.01399,0.01437,0.00105,0.01403,0.95611,1.0267,0.31035,1.0492,5.1,99.3,11.5547,4.5981,0.0853
1946,HSU_MONASTIR,Monastir & Sahel Central,المنستير ووسط الساحل,Sahel/Center-East,TN_CC_SOUSSE,35.778,10.8262,1050.0,129149,123545,1812,1782,1819,132,59,66125,63024,25323,40081,3792,0.02936,0.0138,0.01408,0.00102,0.01403,0.95661,1.0208,0.31035,1.0492,5.1,123.0,11.7687,4.8122,0.0843
1956,HSU_MONASTIR,Monastir & Sahel Central,المنستير ووسط الساحل,Sahel/Center-East,TN_CC_SOUSSE,35.778,10.8262,1050.0,151222,144929,1834,2101,2135,156,67,77426,73796,29651,46931,4459,0.02949,0.01389,0.01412,0.00103,0.01213,0.95839,1.0162,0.31035,1.0492,5.1,144.02,11.9265,4.97,0.081
1921,HSU_NABEUL,Nabeul & Hammamet,نابل والحمامات,North-East,TN_CC_GROMBALIA,36.4561,10.7375,600.0,56281,51352,1876,1447,1469,97,40,28815,27466,11036,15874,3053,0.05425,0.02571,0.0261,0.00172,0.03333,0.91242,1.0152,0.28205,1.0491,5.1,93.8,10.9381,4.5412,0.165
1926,HSU_NABEUL,Nabeul & Hammamet,نابل والحمامات,North-East,TN_CC_GROMBALIA,36.4561,10.7375,600.0,58049,52618,1936,1656,1680,111,48,29721,28328,11382,16373,3495,0.06021,0.02853,0.02894,0.00191,0.03335,0.90644,1.0145,0.28205,1.0492,5.1,96.75,10.969,4.5721,0.1756
1931,HSU_NABEUL,Nabeul & Hammamet,نابل والحمامات,North-East,TN_CC_GROMBALIA,36.4561,10.7375,600.0,64795,58265,2159,2071,2103,138,59,33176,31619,12704,18276,4371,0.06746,0.03196,0.03246,0.00213,0.03332,0.89922,1.0155,0.28206,1.0492,5.1,107.99,11.079,4.6821,0.1882
1936,HSU_NABEUL,Nabeul & Hammamet,نابل والحمامات,North-East,TN_CC_GROMBALIA,36.4561,10.7375,600.0,70106,62388,2570,2440,2476,163,69,35893,34213,13746,19773,5148,0.07343,0.0348,0.03532,0.00233,0.03666,0.88991,1.0148,0.28204,1.0491,5.1,116.84,11.1578,4.7608,0.2043
1946,HSU_NABEUL,Nabeul & Hammamet,نابل والحمامات,North-East,TN_CC_GROMBALIA,36.4561,10.7375,600.0,86842,77308,3185,3019,3044,199,87,44463,42379,17027,24494,6349,0.07311,0.03476,0.03505,0.00229,0.03668,0.89021,1.0083,0.28205,1.0492,5.1,144.74,11.3718,4.9749,0.2037
1956,HSU_NABEUL,Nabeul & Hammamet,نابل والحمامات,North-East,TN_CC_GROMBALIA,36.4561,10.7375,600.0,101684,90932,3220,3591,3606,235,100,52063,49621,19939,28680,7532,0.07407,0.03532,0.03546,0.00231,0.03167,0.89426,1.0042,0.28205,1.0492,5.1,169.47,11.5296,5.1327,0.1968
1921,HSU_NEFZA,Nefza & Littoral Kroumir,نفزة والشمال الغربي,North-West,TN_CC_BEJA,36.95,9.07,850.0,25976,25630,26,192,112,11,5,13300,12676,5093,0,320,0.01232,0.00739,0.00431,0.00042,0.001,0.98668,0.5833,0.0,1.0492,5.1,30.56,10.1649,3.4197,0.0264
1926,HSU_NEFZA,Nefza & Littoral Kroumir,نفزة والشمال الغربي,North-West,TN_CC_BEJA,36.95,9.07,850.0,26792,26399,27,220,128,13,5,13718,13074,5253,0,366,0.01366,0.00821,0.00478,0.00049,0.00101,0.98533,0.5818,0.0,1.0493,5.1,31.52,10.1959,3.4506,0.029
1931,HSU_NEFZA,Nefza & Littoral Kroumir,نفزة والشمال الغربي,North-West,TN_CC_BEJA,36.95,9.07,850.0,29905,29417,30,275,160,16,7,15311,14594,5864,0,458,0.01532,0.0092,0.00535,0.00054,0.001,0.98368,0.5818,0.0,1.0491,5.1,35.18,10.3058,3.5605,0.0323
1936,HSU_NEFZA,Nefza & Littoral Kroumir,نفزة والشمال الغربي,North-West,TN_CC_BEJA,36.95,9.07,850.0,32357,31782,36,323,189,19,8,16567,15790,6345,0,539,0.01666,0.00998,0.00584,0.00059,0.00111,0.98223,0.5851,0.0,1.0492,5.1,38.07,10.3846,3.6393,0.0351
1946,HSU_NEFZA,Nefza & Littoral Kroumir,نفزة والشمال الغربي,North-West,TN_CC_BEJA,36.95,9.07,850.0,40081,39466,44,343,200,20,8,20521,19560,7859,0,571,0.01425,0.00856,0.00499,0.0005,0.0011,0.98466,0.5831,0.0,1.0491,5.1,47.15,10.5987,3.8534,0.0304
1956,HSU_NEFZA,Nefza & Littoral Kroumir,نفزة والشمال الغربي,North-West,TN_CC_BEJA,36.95,9.07,850.0,46931,46288,45,359,209,21,9,24029,22902,9202,0,598,0.01274,0.00765,0.00445,0.00045,0.00096,0.9863,0.5822,0.0,1.0492,5.1,55.21,10.7564,4.0112,0.0271
1921,HSU_SBEITLA,Sbeïtla,سبيطلة,Center-West,TN_CC_THALA,35.23,9.13,3100.0,31748,31325,32,235,137,14,5,16255,15493,6225,0,391,0.01232,0.0074,0.00432,0.00044,0.00101,0.98668,0.583,0.0,1.0492,5.1,10.24,10.3656,2.3264,0.0264
1926,HSU_SBEITLA,Sbeïtla,سبيطلة,Center-West,TN_CC_THALA,35.23,9.13,3100.0,32745,32265,33,268,156,16,7,16765,15980,6421,0,447,0.01365,0.00818,0.00476,0.00049,0.00101,0.98534,0.5821,0.0,1.0491,5.1,10.56,10.3965,2.3573,0.029
1931,HSU_SBEITLA,Sbeïtla,سبيطلة,Center-West,TN_CC_THALA,35.23,9.13,3100.0,36551,35955,37,335,196,20,8,18714,17837,7167,0,559,0.01529,0.00917,0.00536,0.00055,0.00101,0.98369,0.5851,0.0,1.0492,5.1,11.79,10.5065,2.4673,0.0322
1936,HSU_SBEITLA,Sbeïtla,سبيطلة,Center-West,TN_CC_THALA,35.23,9.13,3100.0,39547,38845,44,395,230,23,10,20248,19299,7754,0,658,0.01664,0.00999,0.00582,0.00058,0.00111,0.98225,0.5823,0.0,1.0492,5.1,12.76,10.5852,2.5461,0.0351
1946,HSU_SBEITLA,Sbeïtla,سبيطلة,Center-West,TN_CC_THALA,35.23,9.13,3100.0,48988,48236,54,419,244,24,11,25082,23906,9605,0,698,0.01425,0.00855,0.00498,0.00049,0.0011,0.98465,0.5823,0.0,1.0492,5.1,15.8,10.7993,2.7602,0.0304
1956,HSU_SBEITLA,Sbeïtla,سبيطلة,Center-West,TN_CC_THALA,35.23,9.13,3100.0,57360,56575,54,439,256,26,10,29368,27992,11247,0,731,0.01274,0.00765,0.00446,0.00045,0.00094,0.98631,0.5831,0.0,1.0492,5.1,18.5,10.9571,2.9179,0.0271
1921,HSU_SERS,Le Sers,السرس,North-West,TN_CC_LE_KEF,36.07,9.02,850.0,25976,25498,52,256,149,15,6,13300,12676,5093,0,426,0.0164,0.00986,0.00574,0.00058,0.002,0.9816,0.582,0.0,1.0492,5.1,30.56,10.1649,3.4197,0.0363
1926,HSU_SERS,Le Sers,السرس,North-West,TN_CC_LE_KEF,36.07,9.02,850.0,26792,26250,54,293,171,17,7,13718,13074,5253,0,488,0.01821,0.01094,0.00638,0.00063,0.00202,0.97977,0.5836,0.0,1.0493,5.1,31.52,10.1959,3.4506,0.0399
1931,HSU_SERS,Le Sers,السرس,North-West,TN_CC_LE_KEF,36.07,9.02,850.0,29905,29235,60,366,214,21,9,15311,14594,5864,0,610,0.0204,0.01224,0.00716,0.0007,0.00201,0.9776,0.5847,0.0,1.0491,5.1,35.18,10.3058,3.5605,0.0441
1936,HSU_SERS,Le Sers,السرس,North-West,TN_CC_LE_KEF,36.07,9.02,850.0,32357,31568,71,431,251,25,11,16567,15790,6345,0,718,0.02219,0.01332,0.00776,0.00077,0.00219,0.97562,0.5824,0.0,1.0492,5.1,38.07,10.3846,3.6393,0.0479
1946,HSU_SERS,Le Sers,السرس,North-West,TN_CC_LE_KEF,36.07,9.02,850.0,40081,39231,88,457,267,27,11,20521,19560,7859,0,762,0.01901,0.0114,0.00666,0.00067,0.0022,0.97879,0.5842,0.0,1.0491,5.1,47.15,10.5987,3.8534,0.0418
1956,HSU_SERS,Le Sers,السرس,North-West,TN_CC_LE_KEF,36.07,9.02,850.0,46931,46044,89,479,279,28,12,24029,22902,9202,0,798,0.017,0.01021,0.00594,0.0006,0.0019,0.9811,0.5825,0.0,1.0492,5.1,55.21,10.7564,4.0112,0.0373
1921,HSU_SFAX,Sfax,صفاقس,South,TN_CC_SFAX,34.7406,10.7603,3800.0,103903,92530,2901,4031,3945,347,149,53198,50705,20373,31748,8472,0.08154,0.0388,0.03797,0.00334,0.02792,0.89054,0.9787,0.30555,1.0492,5.1,27.34,11.5512,3.3085,0.2032
1926,HSU_SFAX,Sfax,صفاقس,South,TN_CC_SFAX,34.7406,10.7603,3800.0,107166,94477,2992,4614,4515,397,171,54869,52297,21013,32745,9697,0.09049,0.04305,0.04213,0.0037,0.02792,0.88159,0.9785,0.30555,1.0492,5.1,28.2,11.5821,3.3394,0.2184
1931,HSU_SFAX,Sfax,صفاقس,South,TN_CC_SFAX,34.7406,10.7603,3800.0,119621,104148,3339,5774,5650,497,213,61246,58375,23455,36551,12134,0.10144,0.04827,0.04723,0.00415,0.02791,0.87065,0.9785,0.30556,1.0492,5.1,31.48,11.6921,3.4493,0.2366
1936,HSU_SFAX,Sfax,صفاقس,South,TN_CC_SFAX,34.7406,10.7603,3800.0,129427,111167,3974,6798,6652,586,250,66267,63160,25378,39547,14286,0.11038,0.05252,0.0514,0.00453,0.0307,0.85892,0.9785,0.30555,1.0492,5.1,34.06,11.7709,3.5281,0.2559
1946,HSU_SFAX,Sfax,صفاقس,South,TN_CC_SFAX,34.7406,10.7603,3800.0,160323,137099,4923,8721,8504,754,322,82086,78237,31435,48988,18301,0.11415,0.0544,0.05304,0.0047,0.03071,0.85514,0.9751,0.30556,1.0492,5.1,42.19,11.9849,3.7422,0.262
1956,HSU_SFAX,Sfax,صفاقس,South,TN_CC_SFAX,34.7406,10.7603,3800.0,187724,160454,4978,10633,10343,921,395,96114,91610,36809,57360,22292,0.11875,0.05664,0.0551,0.00491,0.02652,0.85473,0.9727,0.30555,1.0492,5.1,49.4,12.1427,3.9,0.2625
1921,HSU_SIDI_BOU_ZID,Sidi Bouzid,سيدي بوزيد,Center-West,TN_CC_GAFSA,35.0381,9.4858,7000.0,28862,28644,29,104,76,7,2,14777,14085,5659,0,189,0.00655,0.0036,0.00263,0.00024,0.001,0.99245,0.7308,0.0,1.0491,5.1,4.12,10.2703,1.4166,0.015
1926,HSU_SIDI_BOU_ZID,Sidi Bouzid,سيدي بوزيد,Center-West,TN_CC_GAFSA,35.0381,9.4858,7000.0,29769,29522,30,119,87,8,3,15242,14527,5837,0,217,0.00729,0.004,0.00292,0.00027,0.00101,0.9917,0.7311,0.0,1.0492,5.1,4.25,10.3012,1.4476,0.0165
1931,HSU_SIDI_BOU_ZID,Sidi Bouzid,سيدي بوزيد,Center-West,TN_CC_GAFSA,35.0381,9.4858,7000.0,33228,32924,33,149,108,9,5,17013,16215,6515,0,271,0.00816,0.00448,0.00325,0.00027,0.00099,0.99085,0.7248,0.0,1.0492,5.1,4.75,10.4111,1.5575,0.0182
1936,HSU_SIDI_BOU_ZID,Sidi Bouzid,سيدي بوزيد,Center-West,TN_CC_GAFSA,35.0381,9.4858,7000.0,35952,35593,40,175,128,11,5,18407,17545,7049,0,319,0.00887,0.00487,0.00356,0.00031,0.00111,0.99001,0.7314,0.0,1.0491,5.1,5.14,10.4899,1.6363,0.0198
1946,HSU_SIDI_BOU_ZID,Sidi Bouzid,سيدي بوزيد,Center-West,TN_CC_GAFSA,35.0381,9.4858,7000.0,44534,44147,49,186,135,12,5,22801,21733,8732,0,338,0.00759,0.00418,0.00303,0.00027,0.0011,0.99131,0.7258,0.0,1.0491,5.1,6.36,10.704,1.8503,0.0173
1956,HSU_SIDI_BOU_ZID,Sidi Bouzid,سيدي بوزيد,Center-West,TN_CC_GAFSA,35.0381,9.4858,7000.0,52146,51741,50,195,142,12,6,26699,25447,10225,0,355,0.00681,0.00374,0.00272,0.00023,0.00096,0.99223,0.7282,0.0,1.0492,5.1,7.45,10.8618,2.0081,0.0155
1921,HSU_SOLIMAN,Soliman & Mornag,سليمان ومرناق,North-East,TN_CC_GROMBALIA,36.7,10.49,550.0,33191,31289,187,696,933,60,26,16993,16198,6508,4329,1715,0.05167,0.02097,0.02811,0.00181,0.00563,0.9427,1.3405,0.13043,1.0491,5.1,60.35,10.41,4.1001,0.1101
1926,HSU_SOLIMAN,Soliman & Mornag,سليمان ومرناق,North-East,TN_CC_GROMBALIA,36.7,10.49,550.0,34234,32077,194,798,1068,68,29,17528,16706,6712,4465,1963,0.05734,0.02331,0.0312,0.00199,0.00567,0.93699,1.3383,0.13043,1.0492,5.1,62.24,10.441,4.1311,0.1205
1931,HSU_SOLIMAN,Soliman & Mornag,سليمان ومرناق,North-East,TN_CC_GROMBALIA,36.7,10.49,550.0,38212,35538,216,998,1336,86,38,19565,18647,7492,4984,2458,0.06433,0.02612,0.03496,0.00225,0.00565,0.93002,1.3387,0.13043,1.0492,5.1,69.48,10.5509,4.241,0.1331
1936,HSU_SOLIMAN,Soliman & Mornag,سليمان ومرناق,North-East,TN_CC_GROMBALIA,36.7,10.49,550.0,41345,38195,257,1175,1573,101,44,21168,20177,8106,5393,2893,0.06997,0.02842,0.03805,0.00244,0.00622,0.92381,1.3387,0.13044,1.0491,5.1,75.17,10.6297,4.3198,0.1443
1946,HSU_SOLIMAN,Soliman & Mornag,سليمان ومرناق,North-East,TN_CC_GROMBALIA,36.7,10.49,550.0,51214,47599,318,1342,1789,115,51,26221,24993,10042,6680,3297,0.06438,0.0262,0.03493,0.00225,0.00621,0.92941,1.3331,0.13043,1.0491,5.1,93.12,10.8438,4.5338,0.1342
1956,HSU_SOLIMAN,Soliman & Mornag,سليمان ومرناق,North-East,TN_CC_GROMBALIA,36.7,10.49,550.0,59968,55963,322,1502,1997,129,55,30704,29264,11759,7822,3683,0.06142,0.02505,0.0333,0.00215,0.00537,0.93321,1.3296,0.13044,1.0492,5.1,109.03,11.0016,4.6916,0.1273
1921,HSU_SOUASSI,Les Souassi,السواسي,Sahel/Center-East,TN_CC_KAIROUAN,35.35,10.55,1500.0,40407,40201,40,83,75,6,2,20688,19719,7923,0,166,0.00411,0.00205,0.00186,0.00015,0.00099,0.9949,0.9036,0.0,1.0491,5.1,26.94,10.6068,3.2935,0.0102
1926,HSU_SOUASSI,Les Souassi,السواسي,Sahel/Center-East,TN_CC_KAIROUAN,35.35,10.55,1500.0,41676,41444,42,95,86,7,2,21338,20338,8172,0,190,0.00456,0.00228,0.00206,0.00017,0.00101,0.99443,0.9053,0.0,1.0492,5.1,27.78,10.6377,3.3245,0.0111
1931,HSU_SOUASSI,Les Souassi,السواسي,Sahel/Center-East,TN_CC_KAIROUAN,35.35,10.55,1500.0,46519,46235,47,118,107,8,4,23818,22701,9121,0,237,0.00509,0.00254,0.0023,0.00017,0.00101,0.99389,0.9068,0.0,1.0492,5.1,31.01,10.7476,3.4344,0.0122
1936,HSU_SOUASSI,Les Souassi,السواسي,Sahel/Center-East,TN_CC_KAIROUAN,35.35,10.55,1500.0,50333,49999,55,140,126,10,3,25770,24563,9869,0,279,0.00554,0.00278,0.0025,0.0002,0.00109,0.99336,0.9,0.0,1.0491,5.1,33.56,10.8264,3.5132,0.0132
1946,HSU_SOUASSI,Les Souassi,السواسي,Sahel/Center-East,TN_CC_KAIROUAN,35.35,10.55,1500.0,62348,61983,69,148,133,10,5,31922,30426,12225,0,296,0.00475,0.00237,0.00213,0.00016,0.00111,0.99415,0.8986,0.0,1.0492,5.1,41.57,11.0405,3.7273,0.0117
1956,HSU_SOUASSI,Les Souassi,السواسي,Sahel/Center-East,TN_CC_KAIROUAN,35.35,10.55,1500.0,73004,72625,69,155,140,11,4,37378,35626,14315,0,310,0.00425,0.00212,0.00192,0.00015,0.00095,0.99481,0.9032,0.0,1.0492,5.1,48.67,11.1983,3.885,0.0103
1921,HSU_SOUK_EL_ARBA,Jendouba (Souk el-Arba),جندوبة (سوق الأربعاء),North-West,TN_CC_SOUK_EL_ARBA,36.5011,8.7803,1400.0,51951,49074,416,1472,868,85,36,26599,25352,10187,5772,2461,0.04737,0.02833,0.01671,0.00164,0.00801,0.94462,0.5897,0.1111,1.0492,5.1,37.11,10.8581,3.6138,0.1065
1926,HSU_SOUK_EL_ARBA,Jendouba (Souk el-Arba),جندوبة (سوق الأربعاء),North-West,TN_CC_SOUK_EL_ARBA,36.5011,8.7803,1400.0,53584,50338,429,1686,992,97,42,27435,26149,10506,5954,2817,0.05257,0.03146,0.01851,0.00181,0.00801,0.93942,0.5884,0.11112,1.0492,5.1,38.27,10.889,3.6448,0.1161
1931,HSU_SOUK_EL_ARBA,Jendouba (Souk el-Arba),جندوبة (سوق الأربعاء),North-West,TN_CC_SOUK_EL_ARBA,36.5011,8.7803,1400.0,59811,55807,479,2110,1242,121,52,30623,29188,11728,6646,3525,0.05894,0.03528,0.02077,0.00202,0.00801,0.93306,0.5886,0.11112,1.0492,5.1,42.72,10.9989,3.7547,0.1277
1936,HSU_SOUK_EL_ARBA,Jendouba (Souk el-Arba),جندوبة (سوق الأربعاء),North-West,TN_CC_SOUK_EL_ARBA,36.5011,8.7803,1400.0,64713,59993,569,2484,1462,143,62,33133,31580,12689,7190,4151,0.06414,0.03838,0.02259,0.00221,0.00879,0.92706,0.5886,0.11111,1.0492,5.1,46.22,11.0777,3.8335,0.1385
1946,HSU_SOUK_EL_ARBA,Jendouba (Souk el-Arba),جندوبة (سوق الأربعاء),North-West,TN_CC_SOUK_EL_ARBA,36.5011,8.7803,1400.0,80162,74482,706,2966,1768,167,73,41043,39119,15718,8907,4974,0.06205,0.037,0.02206,0.00208,0.00881,0.92914,0.5961,0.11111,1.0492,5.1,57.26,11.2918,4.0476,0.1348
1956,HSU_SOUK_EL_ARBA,Jendouba (Souk el-Arba),جندوبة (سوق الأربعاء),North-West,TN_CC_SOUK_EL_ARBA,36.5011,8.7803,1400.0,93862,87371,713,3436,2068,191,83,48058,45804,18404,10429,5778,0.06156,0.03661,0.02203,0.00203,0.0076,0.93085,0.6019,0.11111,1.0492,5.1,67.04,11.4496,4.2054,0.1316
1921,HSU_SOUK_EL_KHEMIS,Boussalem (Souk el-Khemis),بوسالم (سوق الخميس),North-West,TN_CC_SOUK_EL_ARBA,36.6111,8.9694,750.0,36078,35118,72,577,266,31,14,18472,17606,7074,0,888,0.02461,0.01599,0.00737,0.00086,0.002,0.97339,0.461,0.0,1.0492,5.1,48.1,10.4934,3.8734,0.0522
1926,HSU_SOUK_EL_KHEMIS,Boussalem (Souk el-Khemis),بوسالم (سوق الخميس),North-West,TN_CC_SOUK_EL_ARBA,36.6111,8.9694,750.0,37211,36121,74,660,305,36,15,19052,18159,7296,0,1016,0.0273,0.01774,0.0082,0.00097,0.00199,0.97071,0.4621,0.0,1.0492,5.1,49.61,10.5244,3.9043,0.0573
1931,HSU_SOUK_EL_KHEMIS,Boussalem (Souk el-Khemis),بوسالم (سوق الخميس),North-West,TN_CC_SOUK_EL_ARBA,36.6111,8.9694,750.0,41535,40181,83,826,381,44,20,21266,20269,8144,0,1271,0.0306,0.01989,0.00917,0.00106,0.002,0.9674,0.4613,0.0,1.0492,5.1,55.38,10.6343,4.0142,0.0637
1936,HSU_SOUK_EL_KHEMIS,Boussalem (Souk el-Khemis),بوسالم (سوق الخميس),North-West,TN_CC_SOUK_EL_ARBA,36.6111,8.9694,750.0,44940,43344,99,973,449,52,23,23009,21931,8812,0,1497,0.03331,0.02165,0.00999,0.00116,0.0022,0.96449,0.4615,0.0,1.0492,5.1,59.92,10.7131,4.093,0.0692
1946,HSU_SOUK_EL_KHEMIS,Boussalem (Souk el-Khemis),بوسالم (سوق الخميس),North-West,TN_CC_SOUK_EL_ARBA,36.6111,8.9694,750.0,55668,53959,122,1032,476,56,23,28502,27166,10915,0,1587,0.02851,0.01854,0.00855,0.00101,0.00219,0.9693,0.4612,0.0,1.0492,5.1,74.22,10.9272,4.3071,0.06
1956,HSU_SOUK_EL_KHEMIS,Boussalem (Souk el-Khemis),بوسالم (سوق الخميس),North-West,TN_CC_SOUK_EL_ARBA,36.6111,8.9694,750.0,65182,63396,124,1080,499,58,25,33373,31809,12781,0,1662,0.0255,0.01657,0.00766,0.00089,0.0019,0.9726,0.462,0.0,1.0492,5.1,86.91,11.0849,4.4649,0.0537
1921,HSU_SOUSSE,Sousse & Sahel Nord,سوسة وشمال الساحل,Sahel/Center-East,TN_CC_SOUSSE,35.8256,10.6411,1400.0,114006,101770,2686,4225,4682,449,194,58371,55635,22354,49066,9550,0.08377,0.03706,0.04107,0.00394,0.02356,0.89267,1.1082,0.43038,1.0492,5.1,81.43,11.644,4.3998,0.1995
1926,HSU_SOUSSE,Sousse & Sahel Nord,سوسة وشمال الساحل,Sahel/Center-East,TN_CC_SOUSSE,35.8256,10.6411,1400.0,117586,103884,2771,4835,5360,515,221,60205,57381,23055,50607,10931,0.09296,0.04112,0.04558,0.00438,0.02357,0.88347,1.1086,0.43038,1.0492,5.1,83.99,11.6749,4.4307,0.2151
1931,HSU_SOUSSE,Sousse & Sahel Nord,سوسة وشمال الساحل,Sahel/Center-East,TN_CC_SOUSSE,35.8256,10.6411,1400.0,131250,114482,3093,6049,6705,644,277,67200,64050,25736,56487,13675,0.10419,0.04609,0.05109,0.00491,0.02357,0.87224,1.1084,0.43038,1.0492,5.1,93.75,11.7849,4.5406,0.2339
1936,HSU_SOUSSE,Sousse & Sahel Nord,سوسة وشمال الساحل,Sahel/Center-East,TN_CC_SOUSSE,35.8256,10.6411,1400.0,142011,122226,3682,7124,7895,758,326,72710,69301,27846,61119,16103,0.11339,0.05017,0.05559,0.00534,0.02593,0.86068,1.1082,0.43038,1.0492,5.1,101.44,11.8637,4.6194,0.2529
1946,HSU_SOUSSE,Sousse & Sahel Nord,سوسة وشمال الساحل,Sahel/Center-East,TN_CC_SOUSSE,35.8256,10.6411,1400.0,175910,150838,4560,9090,10036,970,416,90065,85845,34492,75708,20512,0.11661,0.05167,0.05705,0.00551,0.02592,0.85747,1.1041,0.43038,1.0492,5.1,125.65,12.0777,4.8335,0.2581
1956,HSU_SOUSSE,Sousse & Sahel Nord,سوسة وشمال الساحل,Sahel/Center-East,TN_CC_SOUSSE,35.8256,10.6411,1400.0,205976,176470,4613,11043,12164,1180,506,105460,100516,40386,88648,24893,0.12085,0.05361,0.05906,0.00573,0.0224,0.85675,1.1015,0.43038,1.0492,5.1,147.13,12.2355,4.9913,0.2591
1921,HSU_TABARKA,Tabarka,طبرقة,North-West,TN_CC_SOUK_EL_ARBA,36.9544,8.7581,700.0,23089,21566,127,740,577,55,24,11822,11267,4527,2886,1396,0.06046,0.03205,0.02499,0.00238,0.0055,0.93404,0.7797,0.12499,1.0493,5.1,32.98,10.0471,3.496,0.1259
1926,HSU_TABARKA,Tabarka,طبرقة,North-West,TN_CC_SOUK_EL_ARBA,36.9544,8.7581,700.0,23815,22086,131,848,660,63,27,12193,11622,4670,2977,1598,0.0671,0.03561,0.02771,0.00265,0.0055,0.9274,0.7783,0.12501,1.0491,5.1,34.02,10.0781,3.527,0.1379
1931,HSU_TABARKA,Tabarka,طبرقة,North-West,TN_CC_SOUK_EL_ARBA,36.9544,8.7581,700.0,26583,24436,147,1062,826,79,33,13610,12973,5213,3323,2000,0.07524,0.03995,0.03107,0.00297,0.00553,0.91923,0.7778,0.125,1.0491,5.1,37.98,10.188,3.6369,0.1524
1936,HSU_TABARKA,Tabarka,طبرقة,North-West,TN_CC_SOUK_EL_ARBA,36.9544,8.7581,700.0,28761,26233,174,1249,972,93,40,14726,14035,5640,3595,2354,0.08185,0.04343,0.0338,0.00323,0.00605,0.9121,0.7782,0.125,1.0492,5.1,41.09,10.2668,3.7157,0.165
1946,HSU_TABARKA,Tabarka,طبرقة,North-West,TN_CC_SOUK_EL_ARBA,36.9544,8.7581,700.0,35627,32526,216,1526,1194,115,50,18241,17386,6986,4453,2885,0.08098,0.04283,0.03351,0.00323,0.00606,0.91296,0.7824,0.12499,1.0492,5.1,50.9,10.4809,3.9298,0.1635
1956,HSU_TABARKA,Tabarka,طبرقة,North-West,TN_CC_SOUK_EL_ARBA,36.9544,8.7581,700.0,41717,38091,218,1800,1412,137,59,21359,20358,8180,5215,3408,0.08169,0.04315,0.03385,0.00328,0.00523,0.91308,0.7844,0.12501,1.0492,5.1,59.6,10.6387,4.0876,0.1632
1921,HSU_TATAOUINE,Tataouine,تطاوين,South,TN_TERR_SUD,32.9297,10.4517,38000.0,28862,28384,289,123,57,7,2,14777,14085,5659,0,189,0.00655,0.00426,0.00197,0.00024,0.01001,0.98344,0.4634,0.0,1.0491,5.1,0.76,10.2703,-0.2751,0.0327
1926,HSU_TATAOUINE,Tataouine,تطاوين,South,TN_TERR_SUD,32.9297,10.4517,38000.0,29769,29254,298,141,65,8,3,15242,14527,5837,0,217,0.00729,0.00474,0.00218,0.00027,0.01001,0.9827,0.461,0.0,1.0492,5.1,0.78,10.3012,-0.2441,0.0342
1931,HSU_TATAOUINE,Tataouine,تطاوين,South,TN_TERR_SUD,32.9297,10.4517,38000.0,33228,32625,332,176,81,9,5,17013,16215,6515,0,271,0.00816,0.0053,0.00244,0.00027,0.00999,0.98185,0.4602,0.0,1.0492,5.1,0.87,10.4111,-0.1342,0.0358
1936,HSU_TATAOUINE,Tataouine,تطاوين,South,TN_TERR_SUD,32.9297,10.4517,38000.0,35952,35238,395,207,96,11,5,18407,17545,7049,0,319,0.00887,0.00576,0.00267,0.00031,0.01099,0.98014,0.4638,0.0,1.0491,5.1,0.95,10.4899,-0.0554,0.0392
1946,HSU_TATAOUINE,Tataouine,تطاوين,South,TN_TERR_SUD,32.9297,10.4517,38000.0,44534,43706,490,220,101,12,5,22801,21733,8732,0,338,0.00759,0.00494,0.00227,0.00027,0.011,0.98141,0.4591,0.0,1.0491,5.1,1.17,10.704,0.1587,0.0367
1956,HSU_TATAOUINE,Tataouine,تطاوين,South,TN_TERR_SUD,32.9297,10.4517,38000.0,52146,51296,495,231,106,12,6,26699,25447,10225,0,355,0.00681,0.00443,0.00203,0.00023,0.00949,0.9837,0.4589,0.0,1.0492,5.1,1.37,10.8618,0.3165,0.0322
1921,HSU_TEBOURBA,Tébourba - Basse Medjerda,طبربة ومجاز المجردة السفلى,North-East,TN_CC_BIZERTE,36.83,9.84,650.0,33191,30480,404,1038,1154,81,34,16993,16198,6508,4329,2307,0.06951,0.03127,0.03477,0.00244,0.01217,0.91832,1.1118,0.13043,1.0491,5.1,51.06,10.41,3.9331,0.1543
1926,HSU_TEBOURBA,Tébourba - Basse Medjerda,طبربة ومجاز المجردة السفلى,North-East,TN_CC_BIZERTE,36.83,9.84,650.0,34234,31176,417,1188,1320,93,40,17528,16706,6712,4465,2641,0.07715,0.0347,0.03856,0.00272,0.01218,0.91067,1.1111,0.13043,1.0492,5.1,52.67,10.441,3.964,0.1678
1931,HSU_TEBOURBA,Tébourba - Basse Medjerda,طبربة ومجاز المجردة السفلى,North-East,TN_CC_BIZERTE,36.83,9.84,650.0,38212,34442,465,1487,1653,115,50,19565,18647,7492,4984,3305,0.08649,0.03891,0.04326,0.00301,0.01217,0.90134,1.1116,0.13043,1.0492,5.1,58.79,10.5509,4.0739,0.184
1936,HSU_TEBOURBA,Tébourba - Basse Medjerda,طبربة ومجاز المجردة السفلى,North-East,TN_CC_BIZERTE,36.83,9.84,650.0,41345,36901,553,1751,1945,136,59,21168,20177,8106,5393,3891,0.09411,0.04235,0.04704,0.00329,0.01338,0.89251,1.1108,0.13044,1.0491,5.1,63.61,10.6297,4.1527,0.1992
1946,HSU_TEBOURBA,Tébourba - Basse Medjerda,طبربة ومجاز المجردة السفلى,North-East,TN_CC_BIZERTE,36.83,9.84,650.0,51214,46019,686,2029,2255,158,67,26221,24993,10042,6680,4509,0.08804,0.03962,0.04403,0.00309,0.01339,0.89856,1.1114,0.13043,1.0491,5.1,78.79,10.8438,4.3668,0.1889
1956,HSU_TEBOURBA,Tébourba - Basse Medjerda,طبربة ومجاز المجردة السفلى,North-East,TN_CC_BIZERTE,36.83,9.84,650.0,59968,54172,693,2297,2552,179,75,30704,29264,11759,7822,5103,0.0851,0.0383,0.04256,0.00298,0.01156,0.90335,1.111,0.13044,1.0492,5.1,92.26,11.0016,4.5246,0.1805
1921,HSU_TEBOURSOUK,Téboursouk & Dougga,تبرسق ودقة,North-West,TN_CC_LE_KEF,36.46,9.25,900.0,33191,31941,245,526,428,36,15,16993,16198,6508,4329,1005,0.03028,0.01585,0.0129,0.00108,0.00738,0.96234,0.8137,0.13043,1.0491,5.1,36.88,10.41,3.6076,0.0734
1926,HSU_TEBOURSOUK,Téboursouk & Dougga,تبرسق ودقة,North-West,TN_CC_LE_KEF,36.46,9.25,900.0,34234,32830,253,602,491,40,18,17528,16706,6712,4465,1151,0.03362,0.01758,0.01434,0.00117,0.00739,0.95899,0.8156,0.13043,1.0492,5.1,38.04,10.441,3.6386,0.0798
1931,HSU_TEBOURSOUK,Téboursouk & Dougga,تبرسق ودقة,North-West,TN_CC_LE_KEF,36.46,9.25,900.0,38212,36488,283,755,614,51,21,19565,18647,7492,4984,1441,0.03771,0.01976,0.01607,0.00133,0.00741,0.95488,0.8132,0.13043,1.0492,5.1,42.46,10.5509,3.7485,0.0875
1936,HSU_TEBOURSOUK,Téboursouk & Dougga,تبرسق ودقة,North-West,TN_CC_LE_KEF,36.46,9.25,900.0,41345,39313,336,888,723,59,26,21168,20177,8106,5393,1696,0.04102,0.02148,0.01749,0.00143,0.00813,0.95085,0.8142,0.13044,1.0491,5.1,45.94,10.6297,3.8273,0.095
1946,HSU_TEBOURSOUK,Téboursouk & Dougga,تبرسق ودقة,North-West,TN_CC_LE_KEF,36.46,9.25,900.0,51214,48770,416,1056,870,71,31,26221,24993,10042,6680,2028,0.0396,0.02062,0.01699,0.00139,0.00812,0.95228,0.8239,0.13043,1.0491,5.1,56.9,10.8438,4.0414,0.0924
1956,HSU_TEBOURSOUK,Téboursouk & Dougga,تبرسق ودقة,North-West,TN_CC_LE_KEF,36.46,9.25,900.0,59968,57194,421,1221,1014,82,36,30704,29264,11759,7822,2353,0.03924,0.02036,0.01691,0.00137,0.00702,0.95374,0.8305,0.13044,1.0492,5.1,66.63,11.0016,4.1992,0.0896
1921,HSU_THALA,Thala,تالة,Center-West,TN_CC_THALA,35.57,8.67,2600.0,40407,39432,133,495,309,26,12,20689,19718,7923,2886,842,0.02084,0.01225,0.00765,0.00064,0.00329,0.97587,0.6242,0.07142,1.0492,5.1,15.54,10.6068,2.7435,0.0475
1926,HSU_THALA,Thala,تالة,Center-West,TN_CC_THALA,35.57,8.67,2600.0,41676,40574,137,568,354,30,13,21338,20338,8172,2977,965,0.02315,0.01363,0.00849,0.00072,0.00329,0.97356,0.6232,0.07143,1.0492,5.1,16.03,10.6377,2.7744,0.0519
1931,HSU_THALA,Thala,تالة,Center-West,TN_CC_THALA,35.57,8.67,2600.0,46519,45160,152,710,443,38,16,23817,22702,9122,3323,1207,0.02595,0.01526,0.00952,0.00082,0.00327,0.97079,0.6239,0.07143,1.0491,5.1,17.89,10.7476,2.8843,0.0572
1936,HSU_THALA,Thala,تالة,Center-West,TN_CC_THALA,35.57,8.67,2600.0,50333,48730,182,837,521,44,19,25771,24562,9869,3595,1421,0.02823,0.01663,0.01035,0.00087,0.00362,0.96815,0.6225,0.07142,1.0492,5.1,19.36,10.8264,2.9631,0.0623
1946,HSU_THALA,Thala,تالة,Center-West,TN_CC_THALA,35.57,8.67,2600.0,62347,60411,225,1006,630,52,23,31922,30425,12225,4453,1711,0.02744,0.01614,0.0101,0.00083,0.00361,0.96895,0.6262,0.07142,1.0492,5.1,23.98,11.0405,3.1772,0.0608
1956,HSU_THALA,Thala,تالة,Center-West,TN_CC_THALA,35.57,8.67,2600.0,73004,70781,228,1171,738,61,25,37378,35626,14315,5215,1995,0.02733,0.01604,0.01011,0.00084,0.00312,0.96955,0.6302,0.07143,1.0492,5.1,28.08,11.1983,3.335,0.0596
1921,HSU_TOZEUR,Tozeur (Djérid),توزر (الجريد),South,TN_CC_GAFSA,33.9197,8.1336,4700.0,40408,38662,823,507,369,32,15,20690,19718,7923,14432,923,0.02284,0.01255,0.00913,0.00079,0.02037,0.95679,0.7278,0.35716,1.0493,5.1,8.6,10.6068,2.1515,0.0839
1926,HSU_TOZEUR,Tozeur (Djérid),توزر (الجريد),South,TN_CC_GAFSA,33.9197,8.1336,4700.0,41676,39770,849,581,423,37,16,21338,20338,8171,14884,1057,0.02536,0.01394,0.01015,0.00089,0.02037,0.95427,0.7281,0.35714,1.0492,5.1,8.87,10.6377,2.1824,0.0887
1931,HSU_TOZEUR,Tozeur (Djérid),توزر (الجريد),South,TN_CC_GAFSA,33.9197,8.1336,4700.0,46519,44250,947,727,529,47,19,23817,22702,9122,16614,1322,0.02842,0.01563,0.01137,0.00101,0.02036,0.95122,0.7276,0.35714,1.0491,5.1,9.9,10.7476,2.2923,0.0944
1936,HSU_TOZEUR,Tozeur (Djérid),توزر (الجريد),South,TN_CC_GAFSA,33.9197,8.1336,4700.0,50333,47650,1127,855,623,55,23,25771,24562,9869,17976,1556,0.03091,0.01699,0.01238,0.00109,0.02239,0.9467,0.7287,0.35714,1.0492,5.1,10.71,10.8264,2.3711,0.1028
1946,HSU_TOZEUR,Tozeur (Djérid),توزر (الجريد),South,TN_CC_GAFSA,33.9197,8.1336,4700.0,62349,58995,1396,1077,782,68,31,31923,30426,12225,22268,1958,0.0314,0.01727,0.01254,0.00109,0.02239,0.94621,0.7261,0.35715,1.0492,5.1,13.27,11.0405,2.5852,0.1037
1956,HSU_TOZEUR,Tozeur (Djérid),توزر (الجريد),South,TN_CC_GAFSA,33.9197,8.1336,4700.0,73003,69236,1412,1295,943,83,34,37377,35626,14314,26072,2355,0.03226,0.01774,0.01292,0.00114,0.01934,0.9484,0.7282,0.35714,1.0491,5.1,15.53,11.1983,2.7429,0.0997
1921,HSU_TUNIS,Tunis & Banlieue,تونس وضواحيها,North-East,TN_CC_TUNIS,36.8065,10.1815,350.0,216466,136928,17922,29372,28134,2878,1232,110830,105636,42446,170287,61616,0.28465,0.13569,0.12997,0.0133,0.08279,0.63256,0.9579,0.78667,1.0492,5.1,618.47,12.2852,6.4273,0.5575
1926,HSU_TUNIS,Tunis & Banlieue,تونس وضواحيها,North-East,TN_CC_TUNIS,36.8065,10.1815,350.0,223265,134253,18486,33619,32201,3292,1414,114311,108954,43776,175635,70526,0.31588,0.15058,0.14423,0.01474,0.0828,0.60132,0.9578,0.78667,1.0492,5.1,637.9,12.3161,6.4582,0.5878
1931,HSU_TUNIS,Tunis & Banlieue,تونس وضواحيها,North-East,TN_CC_TUNIS,36.8065,10.1815,350.0,249210,140335,20635,42063,40291,4120,1766,127596,121614,48866,196045,88240,0.35408,0.16879,0.16167,0.01653,0.0828,0.56312,0.9579,0.78667,1.0492,5.1,712.03,12.4261,6.5681,0.6211
1936,HSU_TUNIS,Tunis & Banlieue,تونس وضواحيها,North-East,TN_CC_TUNIS,36.8065,10.1815,350.0,269640,141185,24559,49526,47440,4851,2079,138055,131585,52871,212117,103896,0.38531,0.18367,0.17594,0.01799,0.09108,0.52361,0.9579,0.78667,1.0492,5.1,770.4,12.5048,6.6469,0.6525
1946,HSU_TUNIS,Tunis & Banlieue,تونس وضواحيها,North-East,TN_CC_TUNIS,36.8065,10.1815,350.0,334007,168736,30423,64235,61585,6319,2709,171011,162996,65492,262752,134848,0.40373,0.19232,0.18438,0.01892,0.09108,0.50519,0.9587,0.78667,1.0492,5.1,954.31,12.7189,6.861,0.6651
1956,HSU_TUNIS,Tunis & Banlieue,تونس وضواحيها,North-East,TN_CC_TUNIS,36.8065,10.1815,350.0,391092,194632,30764,78892,75685,7784,3335,200240,190852,76684,307659,165696,0.42368,0.20172,0.19352,0.0199,0.07866,0.49766,0.9593,0.78667,1.0492,5.1,1117.41,12.8767,7.0188,0.6675
1921,HSU_ZAGHOUAN,Zaghouan,زغوان,North-East,TN_CC_ZAGHOUAN,36.4028,10.1433,2750.0,36077,34144,182,942,714,66,29,18471,17606,7074,4329,1751,0.04854,0.02611,0.01979,0.00183,0.00504,0.94642,0.758,0.11999,1.0491,5.1,13.12,10.4934,2.5741,0.1032
1926,HSU_ZAGHOUAN,Zaghouan,زغوان,North-East,TN_CC_ZAGHOUAN,36.4028,10.1433,2750.0,37210,35018,187,1079,818,76,32,19051,18159,7296,4465,2005,0.05388,0.029,0.02198,0.00204,0.00503,0.94109,0.7581,0.11999,1.0491,5.1,13.53,10.5243,2.605,0.113
1931,HSU_ZAGHOUAN,Zaghouan,زغوان,North-East,TN_CC_ZAGHOUAN,36.4028,10.1433,2750.0,41535,38817,210,1349,1023,95,41,21266,20269,8144,4984,2508,0.06038,0.03248,0.02463,0.00229,0.00506,0.93456,0.7583,0.12,1.0492,5.1,15.1,10.6343,2.7149,0.1249
1936,HSU_ZAGHOUAN,Zaghouan,زغوان,North-East,TN_CC_ZAGHOUAN,36.4028,10.1433,2750.0,44940,41737,250,1588,1205,111,49,23009,21931,8811,5393,2953,0.06571,0.03534,0.02681,0.00247,0.00556,0.92873,0.7588,0.12,1.0492,5.1,16.34,10.7131,2.7937,0.1355
1946,HSU_ZAGHOUAN,Zaghouan,زغوان,North-East,TN_CC_ZAGHOUAN,36.4028,10.1433,2750.0,55668,51921,309,1844,1407,131,56,28502,27166,10915,6680,3438,0.06176,0.03312,0.02527,0.00235,0.00555,0.93269,0.763,0.12,1.0492,5.1,20.24,10.9272,3.0078,0.1283
1956,HSU_ZAGHOUAN,Zaghouan,زغوان,North-East,TN_CC_ZAGHOUAN,36.4028,10.1433,2750.0,65182,60964,312,2089,1602,150,65,33373,31809,12781,7822,3906,0.05992,0.03205,0.02458,0.0023,0.00479,0.93529,0.7669,0.12,1.0492,5.1,23.7,11.0849,3.1656,0.1236
