census_year,census_date,title,series_title,bnf_notice_id,gallica_ark,gallica_url,publisher,publication_place,publication_year,doc_type,coverage_scope,admin_granularity,variables,notes
1862,1860-1862,Voyage archéologique dans la régence de Tunis (Dénombrement précolonial des localités et tribus),Monographies géographiques et archéologiques (Victor Guérin),cb30551061s,ark:/12148/bpt6k10492823,https://gallica.bnf.fr/ark:/12148/bpt6k10492823,Henri Plon (Paris) / Mission du Ministère de l'Instruction Publique,Paris,1862,precolonial_hearth_and_tribal_survey,national_village_by_village,"caidat,cheikhat,village,douar",hearths_count_feux; estimated_population; houses_gourbis_tents; tribal_fraction_names; water_points,"Exhaustive pre-Protectorate village-by-village reconnaissance enumerating estimated inhabitants, houses, gourbis, and tribal fractions before the 1864 Mejba insurrection."
1881,1881-1885,Rapport au Président de la République sur la situation de la Tunisie (Série continue 1881-1926),Livres Jaunes / Rapports du Ministère des Affaires Étrangères,cb340156707,ark:/12148/bpt6k6460404v,https://gallica.bnf.fr/ark:/12148/bpt6k6460404v,Ministère des Affaires Étrangères (France) / Résidence générale,Paris (Imprimerie Nationale),1882,annual_state_report_demography,national_and_regional,"controle_civil,caidat,commune",pop_estimate_total; pop_european_registered; vital_statistics_births_deaths; marriages; naturalizations,"Official annual reports to the French President with comprehensive chapters on demographic movements, vital registers, and administrative restructuring."
1883,1883-06-01,Compte rendu de la marche des services des Travaux Publics de la Régence de Tunis (1883-1955),Direction générale des travaux publics. Rapports d'ensemble,cb344265778,ark:/12148/cb344265778,https://gallica.bnf.fr/ark:/12148/cb344265778,Imprimerie générale / Direction des travaux publics,Tunis,1884-1955,Infrastructure & Public Works Report,Régence de Tunis (All regions),"Contrôle Civil, Caïdat, Réseau routier et portuaire","Linéaire des routes empierrées et goudronnées par caïdat, réseau des chemins vicinaux, barrages réservoirs, ports de commerce, adduction d'eau potable","Definitive infrastructure serial tracking the physical integration of the protectorate, road network expansion, and public utility investments across 70 years."
1883,1883-1956,"Journal Officiel Tunisien (JOT) : Décrets beylicaux de recensement, délimitations municipales et réorganisations territoriales",Journal officiel de la Régence de Tunis / Journal officiel tunisien,cb344136979,ark:/12148/cb344136979,https://gallica.bnf.fr/ark:/12148/cb344136979,Imprimerie officielle de la Régence de Tunis,Tunis,1883-1956,official_gazette_and_legal_decrees,national_protectorate_wide,"commune,caidat,cheikhat",decree_promulgation_date; official_legal_counts; boundary_modifications; cheikhat_creations; municipal_statutes,"Official journal of the Protectorate publishing Beylical decrees ordering quinquennial censuses, official municipal and caidal population counts, and administrative delimitations."
1883,1883-1956,Statistique de la navigation maritime et du mouvement des ports de la Tunisie,Statistique générale de la Tunisie / Direction des Douanes et de la Navigation,cb328727346,ark:/12148/cb328727346,https://gallica.bnf.fr/ark:/12148/cb328727346,Direction des Douanes et de la Navigation Maritime,Tunis,1884,port_navigation_and_maritime_trade_census,all_maritime_ports,"port_maritime,commune",vessels_entered_and_cleared; net_tonnage_jauge_nette; passengers_embarked_disembarked; steam_vs_sailing_ships; cargo_tonnage_by_product,"Exhaustive annual census of maritime vessel traffic, passenger movements, and foreign flags across all Tunisian ports (Tunis-Goulette, Bizerte, Sousse, Sfax, Gabès, Djerba, Tabarka)."
1885,1885-1955,Statistique de la conservation de la propriété foncière (Immatriculation des terres et titres fonciers),Statistique générale de la Tunisie / Journal officiel tunisien,cb328727346,ark:/12148/cb328727346,https://gallica.bnf.fr/ark:/12148/cb328727346,Direction des Finances / Conservation de la Propriété Foncière,Tunis,1886,cadastral_land_titling_census,registered_real_estate_properties,"controle_civil,caidat,commune",registered_land_titles_count; registered_acreage_french_settlers; registered_acreage_tunisian_owners; registered_acreage_italian_settlers; mortgage_values_francs; urban_vs_rural_parcels,"Complete annual census of real estate titles issued under the Land Act of 1885 (Torrens system), tracking land commodification and land alienation by caïdat."
1885,1885-01-01,"Statistique des contributions directes et de la fiscalité indigène (Mejba, Kanoun, Achour, Impôt personnel)",Direction générale des finances de la Régence de Tunis,cb328727346,ark:/12148/cb328727346,https://gallica.bnf.fr/ark:/12148/cb328727346,Imprimerie officielle,Tunis,1885-1955,Fiscal & Taxation Census,Régence de Tunis (All caïdats and cheikhats),"Caïdat, Cheikhat","Nombre de contribuables à l'impôt personnel (ex-Mejba), recensement fiscal des oliviers imposables au Kanoun, assiette de l'Achour des céréales, rôles d'imposition",Fundamental fiscal proxy for demographic and wealth distribution at the micro-cheikhat level; bridges pre-colonial Mejba registers with modern colonial direct taxation.
1886,1886-1935,"L'Indicateur tunisien : Annuaire administratif, commercial, industriel et agricole de la Régence de Tunis",L'Indicateur tunisien (Georges Balut / Imprimerie Rapide),cb47248171b,ark:/12148/cb47248171b,https://gallica.bnf.fr/ark:/12148/cb47248171b,Imprimerie Rapide (G. Balut),Tunis,1886,commercial_and_nominal_census,urban_and_commercial_establishments,"commune,centre_de_colonisation,caidat",nominal_enterprises_registry; professions_distribution; civil_servants_directory; notables_and_landowners; street_by_street_listings,"Annual colonial directory providing town-by-town nominal and professional censuses of all European and Tunisian merchants, industrialists, lawyers, doctors, and civil servants."
1888,1888-1950,Cartes topographiques régulières de la Tunisie au 1:50 000 et 1:100 000 (Service Géographique de l'Armée),Cartes et Plans de la Tunisie (SGA / IGN),cb407238210,ark:/12148/btv1b53024823p,https://gallica.bnf.fr/ark:/12148/btv1b53024823p,Service Géographique de l'Armée (SGA) / Ministère de la Guerre,Paris,1889,topocadastral_cartographic_census,complete_national_territory,"douar,gourbi_cluster,cheikhat,caidat",douars_footprint_locations; cheikhat_boundaries; springs_and_wells_coordinates; gourbi_isolated_dwellings; cultivated_perimeter_extent,"Fundamental spatial baseline providing the precise micro-geographical footprint, coordinates, and names of every isolated settlement, douar, well, and cheikhat boundary across the Regency."
1890,1890-10-15,Recensement de la vigne et du vignoble tunisien (Statistique viticole et des coopératives de vinification),"Direction générale de l'Agriculture, du Commerce et de la Colonisation",cb32757727j,ark:/12148/cb32757727j,https://gallica.bnf.fr/ark:/12148/cb32757727j,Imprimerie centrale,Tunis,1891-1954,Viticultural & Agricultural Census,"Cap Bon, Mornag, Zaghouan, Bizerte, Souk el-Arba","Contrôle Civil, Caïdat, Commune viticole","Superficie plantée en vigne (cépages nobles vs locaux), nationalité des exploitants (Français, Italiens, Tunisiens), production en hectolitres, caves coopératives","Key dataset on the Italian and French colonial viticultural economy, which generated high rural European density in Grombalia, Mornag, and Bizerte."
1890,1890-1950,"Recensement des populations nomades, semi-nomades et fractions militaires des Territoires du Sud",Commandement supérieur des Territoires du Sud / Affaires indigènes,cb32861655f,ark:/12148/cb32861655f,https://gallica.bnf.fr/ark:/12148/cb32861655f,Imprimerie militaire,Tunis / Medenine,1891-1951,military_and_nomadic_census,southern_military_territories,"cercle_militaire,poste_annexe,fraction_tribale",tentes_nomades_recensees; pop_nomade_masculine; pop_nomade_feminine; fractions_goum_auxiliaires; troupeaux_en_transhumance,"Military censuses of transhumant pastoralist confederations (Ouerghemma, Nefzaoua, Merazig, Touazine, Ouderna) administered by the Bureaux des Affaires Indigènes."
1890,1880-1938,Statistique des chemins de fer tunisiens (Trafic voyageurs et fret par gare),Statistique des chemins de fer français / Documents divers : Algérie et Tunisie,cb340156707,ark:/12148/bpt6k6327338z,https://gallica.bnf.fr/ark:/12148/bpt6k6327338z,Ministère des Travaux Publics / Compagnie Fermière des Chemins de fer Tunisiens (CFT),Paris / Tunis,1891,railway_passenger_and_freight_census,national_railway_network,"gare_ferroviaire,commune,caidat",passengers_embarked_by_station; passengers_class_breakdown; freight_tonnage_cereals; freight_tonnage_phosphates; freight_tonnage_iron_ore; freight_tonnage_wine_oil,"Annual station-by-station enumeration of passenger departures and arrivals across all Tunisian railway nodes, providing a vital spatial metric of mobility and economic connectivity."
1891,1891-04-12,Dénombrement des Français en Tunisie au 12 avril 1891,Statistique générale de la Tunisie,cb328727346,ark:/12148/cb328727346,https://gallica.bnf.fr/ark:/12148/cb328727346,Direction des renseignements et des contrôles civils,Tunis,1892,partial_census,french_only,"controle_civil,commune",pop_french_male; pop_french_female; pop_french_total; professions,First systematic count of French population in the Regency under the Protectorate.
1891,1891-01-01,Procès-verbaux des séances de la Conférence consultative de la Tunisie et Budgets régionaux des Contrôles civils (1891-1922),Conférence consultative de la Tunisie. Procès-verbaux des sessions,cb32746816x,ark:/12148/cb32746816x,https://gallica.bnf.fr/ark:/12148/cb32746816x,Imprimerie générale (J. Picard & Cie) / Secrétariat général du Gouvernement tunisien,Tunis,1891-1922,Administrative Proceedings & Budgetary Accounts,Régence de Tunis (All Contrôles civils),"Contrôle Civil, Caïdat, Commune","Subventions régionales, dépenses de voirie vicinale, allocations scolaires et sanitaires par contrôle civil, contingents de main-d'œuvre indigène, taxes locales",Annual institutional and public finance series providing spatial expenditure data by administrative region across 30 years prior to the creation of the Grand Conseil.
1892,1892-1955,Statistique annuelle des pèlerins tunisiens se rendant aux Lieux Saints de l Islam (Pèlerinage à La Mecque / Hajj),Secrétariat général du gouvernement / Service des passeports et des affaires musulmanes,cb328727346,ark:/12148/cb328727346,https://gallica.bnf.fr/ark:/12148/cb328727346,Imprimerie officielle,Tunis,1893-1955,hajj_pilgrimage_and_mobility_census,tunisian_muslim_pilgrims,"caidat_d_origine,port_d_embarquement",pilgrims_male; pilgrims_female; passports_issued; sanitary_passports_el_tor_quarantine; social_profession_of_pilgrim,"Surveillance and demographic registration of Tunisian pilgrims traveling to Mecca, recording home caïdat, age, wealth status, and sanitary quarantine clearance."
1892,1885-1955,"Statistique du mouvement de la population (Naissances, mariages, décès et état civil)",Statistique générale de la Tunisie / Bulletin de la Statistique générale de la France,cb328727346,ark:/12148/cb328727346,https://gallica.bnf.fr/ark:/12148/cb328727346,Service de la Statistique générale / Secrétariat général du gouvernement,Tunis,1893,vital_statistics_and_civil_registration_census,national_civil_registration,"controle_civil,commune,caidat",live_births_by_community; deaths_by_community; stillbirths_mort_nes; marriages_and_divorces; infant_mortality_rate; crude_death_rate,"Continuous annual vital demographic registers recording live births, deaths, stillbirths, and marriages broken down by community (French, Italian, Maltese, Tunisian Muslim, Tunisian Jewish) across communes and caïdats."
1892,1892-04-01,"Statistique générale des forces hydrauliques, barrages et forages artésiens de la Tunisie",Service hydraulique et de l'assainissement agricole,cb328727346,ark:/12148/cb328727346,https://gallica.bnf.fr/ark:/12148/cb328727346,Direction générale des travaux publics,Tunis,1893-1952,Hydrological Survey & Well Census,"Sud tunisien (Djérid, Nefzaoua, Chott el-Djerid), Plaine de la Medjerda","Oasis, Caïdat, Périmètre irrigué","Recensement des puits artésiens forés, débit en litres/seconde, salinité des eaux, superficie nouvellement irriguée, périmètres hydrauliques de colonisation",Essential environmental and technological proxy capturing how French artesian drilling transformed the carrying capacity and population density of the southern desert oases.
1893,1893-05-15,"Rapport au Résident Général sur les cultures fruitières, et en particulier sur la culture de l'olivier, dans le centre de la Tunisie (Enquête foncière et arboricole de Sfax et du Sahel)",Direction générale de l'Agriculture et du Commerce,cb30143890k,ark:/12148/bpt6k54928120,https://gallica.bnf.fr/ark:/12148/bpt6k54928120,Imprimerie rapide (Louis Nicolas & Cie),Tunis,1893,Agrarian Survey & Tree Census,"Sfax, Sahel (Sousse, Mahdia, Monastir), Kairouan, Steppe centrale","Contrôle Civil, Caïdat, Zone de plantation","Recensement des oliviers en plein rapport, jeunes plants, superficie des terres domaniales et collectives disponibles (terres Siala), contrats de Mgharsa, main-d'œuvre agricole",Foundational survey by Director of Agriculture Paul Bourde that launched the massive expansion of the Sfax olive forest on the Siala public domain lands.
1894,1894-1948,"Revue tunisienne (Institut de Carthage) : Études démographiques, toponymiques et sociologiques sur les tribus et cités",Revue tunisienne / Institut de Carthage,cb34426578m,ark:/12148/cb34426578m,https://gallica.bnf.fr/ark:/12148/cb34426578m,Institut de Carthage,Tunis,1894-1948,scholarly_demographic_and_ethnographic_serial,historical_and_regional_monographs,"tribu,caidat,bourg_historique",genealogies_tribales; toponymie_arabe_et_berbere; statistiques_demographiques_locales; corporations_de_metiers,"Pioneering multidisciplinary journal publishing comprehensive demographic surveys, local monographs, guild rolls, and historical censuses of Tunisian towns and tribes."
1895,1890-1940,Statistique de l'hydraulique agricole et des puits artésiens (Recensement des forages et débits d'eau),Statistique générale de la Tunisie / Bulletin de la Direction générale des travaux publics,cb328727346,ark:/12148/cb328727346,https://gallica.bnf.fr/ark:/12148/cb328727346,Direction générale des Travaux Publics / Service de l'Hydraulique,Tunis,1896,hydrological_and_irrigation_census,oases_and_agricultural_plains,"oasis,puits_artesien,caidat",artesian_wells_count; flow_rate_liters_second; irrigated_hectares_area; traditional_springs_ains_count; water_rights_holders_count,"Exhaustive census of all drilled artesian wells and natural oases springs, recording flow rates and irrigated areas in the Djerid, Nefzaoua, Gabès, and Tell basins (the core constraint on local carrying capacity)."
1895,1890-1940,Statistique de la justice et des établissements pénitentiaires (Recensement de la population carcérale),Statistique générale de la Tunisie / Rapports judiciaires,cb328727346,ark:/12148/cb328727346,https://gallica.bnf.fr/ark:/12148/cb328727346,Direction de la Justice / Service des Établissements Pénitentiaires,Tunis,1896,judicial_and_penitentiary_census,prison_inmates_and_convictions,"prison_etablissement,tribunal_regional,caidat",prison_inmates_count; penitentiary_labor_headcount; convictions_by_religious_group; convictions_by_nationality; civil_litigation_cases_caidal_courts,"Annual census of prison populations in colonial correctional facilities (Tunis, Ghar El Melh, Téboursouk, Sousse, Sfax, Gafsa) and caïdal mahkama civil dispute rates."
1895,1895-12-31,Statistique générale de la navigation maritime et du mouvement de la batellerie marchande,Direction générale des travaux publics. Service des ports et phares,cb328727346,ark:/12148/cb328727346,https://gallica.bnf.fr/ark:/12148/cb328727346,Imprimerie rapide,Tunis,1896-1955,Maritime & Port Statistics,"Ports maritimes de la Tunisie (Tunis-Goulette, Bizerte, Sousse, Sfax, Gabès, Mahdia, Tabarka, Djerba)",Ports maritimes,"Nombre de vapeurs et voiliers entrés/sortis, tonnage de jauge nette, nationalité des pavillons, passagers débarqués/embarqués, exportations d'huile et minerai","Quantifies the international connectivity, immigration flows, and spatial hub primacy of coastal port cities compared to inland regions."
1896,1896-04-19,Dénombrement de la population française de la Régence de Tunis au 19 avril 1896,Statistique générale de la Tunisie,cb328727346,ark:/12148/cb328727346,https://gallica.bnf.fr/ark:/12148/cb328727346,Direction des renseignements et des contrôles civils,Tunis,1897,partial_census,french_only,"controle_civil,commune",pop_french_male; pop_french_female; pop_french_total; age_brackets; professions,Second quinquennial count of French nationals with occupation categories.
1896,1896-09-01,"La Tunisie : histoire et description (Enquête géographique, démographique et statistique par localité)",Association française pour l'avancement des sciences (Congrès de Carthage),cb34024316x,ark:/12148/bpt6k57245781,https://gallica.bnf.fr/ark:/12148/bpt6k57245781,Berger-Levrault,Paris / Nancy,1896,Statistical Survey & Gazetteer,"Régence de Tunis (All regions, caïdats and settlements)","Contrôle Civil, Caïdat, Village/Ksar","Population des localités, fractions tribales, points d'eau, réseaux télégraphiques, ressources agricoles, concessions européennes, cheptel estimé",Monographic and quantitative survey compiled for the Carthage scientific congress; serves as the definitive late-19th century demographic benchmark between the 1891 and 1901 French counts.
1898,1898-1950,"Organisation et fonctionnement de l Assistance Médicale Gratuite (AMG) : Dispensaires ruraux, médecins et vaccinations",Direction de la Santé publique / Archives de l Institut Pasteur,cb343779032,ark:/12148/cb343779032,https://gallica.bnf.fr/ark:/12148/cb343779032,Imprimerie générale,Tunis,1899-1951,public_health_and_vaccination_census,rural_indigenous_healthcare,"circonscription_medicale,caidat",dispensaries_count; doctors_count; consultations_indigenes; smallpox_vaccinations_variole; typhus_cases_notified; malaria_treatment_quinine,"Annual reporting on rural medical circuits, free medical assistance, sanitary cordons, and vaccination coverage across indigenous populations."
1898,1890-1945,"Statistique des hôpitaux, infirmeries régionales et de l'assistance médicale publique",Statistique générale de la Tunisie / Direction de la santé publique,cb328727346,ark:/12148/cb328727346,https://gallica.bnf.fr/ark:/12148/cb328727346,Direction de la Santé et de l'Assistance Publiques,Tunis,1899,hospital_and_morbidity_census,public_health_and_hospital_facilities,"hopital_dispensaire,commune,caidat",hospital_beds_capacity; admitted_patients_count; outpatient_consultations_count; days_of_hospitalization; morbidity_by_disease_category; patient_mortality_rate,"Annual establishment census of health facilities (Sadiki, Hôpital Civil Français, Hôpital Colonial, Italian Garibaldi Hospital, and regional civil/military infirmaries) tracking patient counts and morbidity."
1898,1898-07-01,"Statistique générale de l'enseignement public et privé en Tunisie (Direction de l'Instruction publique, 1883-1955)",Direction de l'Instruction publique et des Beaux-Arts,cb328727346,ark:/12148/cb328727346,https://gallica.bnf.fr/ark:/12148/cb328727346,Société anonyme de l'Imprimerie rapide,Tunis,1899-1955,Educational Census & School Statistics,Régence de Tunis (All controls and communes),"Contrôle Civil, Commune, Établissement scolaire","Effectifs d'élèves par sexe, nationalité (Français, Italiens, Maltais) et confession (Musulmans, Israélites), écoles franco-arabes, kouttabs modernisés, Collège Sadiki","Provides continuous spatial indicators of human capital accumulation, literacy barriers, and educational segregation under colonial rule."
1899,1899-05-01,"Rapports annuels de la Compagnie des Phosphates et du Chemin de fer de Gafsa : Statistique d'extraction, trafic ferroviaire et recensement du personnel minier par centre",Compagnie des phosphates et du chemin de fer de Gafsa,cb34438190t,ark:/12148/bpt6k6327338z,https://gallica.bnf.fr/ark:/12148/bpt6k6327338z,Compagnie des phosphates de Gafsa,Paris / Tunis,1899-1955,Industrial and Mining Statistics,Bassin minier de Gafsa et Ligne de Sfax à Gafsa-Métlaoui,"Centres miniers (Métlaoui, Redeyef, Moularès, Mdhilla) et Port minéralier de Sfax","Effectifs ouvriers recensés par nationalité (Tunisiens, Algériens/Kabyles, Tripolitains, Italiens, Français), extraction de phosphate par gisement, salaires ouvriers, accidents du travail, trafic de minerai par gare","Tracks the rapid industrialization, proletarianization, and demographic boom of the Southwestern mining basin, which transformed nomadic pastoralists into industrial wage laborers."
1900,1895-1935,Statistique de l'industrie minérale et des carrières : Recensement du personnel ouvrier des mines,Annales des Mines / Statistique générale de la Tunisie,cb343482705,ark:/12148/bpt6k6327338z,https://gallica.bnf.fr/ark:/12148/bpt6k6327338z,Direction générale des Travaux Publics / Service des Mines,Tunis / Paris,1901,mining_and_industrial_labor_census,mining_concessions_and_basins,"centre_minier,caidat",mineworkers_tunisian; mineworkers_algerian_moroccan; mineworkers_italian; mineworkers_french; extraction_tonnage_phosphate; extraction_tonnage_iron_lead_zinc,"Annual establishment census of all active mines (Gafsa phosphate basin, Djerissa iron, Sakiet lead/zinc) detailing worker headcounts by nationality and underground/surface status."
1900,1900-1950,Statistique du cheptel et assiette des taxes pastorales (Recensement de l Achour et du Kanoun),Statistique générale de la Tunisie / Bulletin de la Direction générale de l agriculture,cb32757727j,ark:/12148/cb32757727j,https://gallica.bnf.fr/ark:/12148/cb32757727j,Direction de l Agriculture et du Commerce,Tunis,1901-1951,livestock_and_pastoral_census,pastoral_herds_and_draft_animals,"caidat,cheikhat",head_count_sheep_ovins; head_count_goats_caprins; head_count_cattle_bovins; head_count_camels_camelides; head_count_equines_chevaux_mulets,"Annual tax enumeration of domestic livestock for the Achour and Kanoun tax rolls, providing direct measurement of rural pastoral wealth across all caïdats."
1900,1900-01-01,Statistique pénitentiaire et compte général de l'administration de la justice répressive en Tunisie,Direction générale de la Justice de la Régence de Tunis,cb328727346,ark:/12148/cb328727346,https://gallica.bnf.fr/ark:/12148/cb328727346,Imprimerie officielle,Tunis,1901-1950,Penitentiary & Judicial Demographics,"Prisons centrales (Tunis, Ghar el-Melh, Téboursouk) et dépôts régionaux","Établissements pénitentiaires, Contrôles civils","Population carcérale recensée par nationalité, religion, âge, profession antérieure, nature des délits (agricoles, fiscaux, politiques), mortalité en détention","Captures the repressive mechanisms of colonial policing and social control, rural rebellion, and judicial punishment of indigenous resistance."
1901,1901-04-14,Dénombrement de la population française de la Régence de Tunis au 14 avril 1901,Statistique générale de la Tunisie,cb328727346,ark:/12148/cb328727346,https://gallica.bnf.fr/ark:/12148/cb328727346,Secrétariat général du gouvernement tunisien,Tunis,1902,partial_census,french_only,"controle_civil,commune",pop_french_male; pop_french_female; pop_french_total; civil_status; professions,"Third quinquennial French census, includes military personnel."
1901,1901-1956,Enquêtes et décrets de délimitation des terres collectives des tribus tunisiennes,Journal officiel tunisien / Publications de la Direction de l'Intérieur,cb328014521,ark:/12148/cb328014521,https://gallica.bnf.fr/ark:/12148/cb328014521,Secrétariat général du gouvernement tunisien / Conseils de gestion tribaux,Tunis,1902,tribal_collective_land_census,pastoral_and_tribal_confederations,"tribu,fraction,douar,parcours",tribal_fraction_names; heads_of_family_beneficiaries; collective_grazing_acreage; conseils_de_gestion_members; territorial_boundary_markers,"Cadastral-ethnographic census under the collective land acts of 1901 and 1935, enumerating tribal fractions, lineage heads, and collective pasture boundaries (Hammama, Fraichiche, Jlass, Majer, Ouerghemma)."
1902,1895-1950,"Statistique des Postes, Télégraphes et Téléphones : Réseau, trafic et mandats postaux",Statistique générale de la Tunisie / Office des PTT,cb328727346,ark:/12148/cb328727346,https://gallica.bnf.fr/ark:/12148/cb328727346,"Office des Postes, Télégraphes et Téléphones de Tunisie",Tunis,1903,communications_and_remittance_census,postal_and_telegraph_nodes,"bureau_de_poste,commune,centre_rural",post_offices_count; telegraph_dispatches_volume; telephone_subscribers_count; postal_money_orders_issued; internal_financial_remittances_value,"Exhaustive census of postal agencies, telegraph traffic, telephone subscribers, and domestic postal money orders (capturing migrant labor remittances between Tunis and rural caïdats)."
1904,1900-1950,Statistique des forêts et de l'exploitation du liège (Domaine forestier et populations usagères),Statistique générale de la Tunisie / Bulletin de la Direction générale de l'agriculture,cb32757727j,ark:/12148/cb32757727j,https://gallica.bnf.fr/ark:/12148/cb32757727j,Direction générale de l'Agriculture / Service des Forêts,Tunis,1905,forestry_and_cork_oak_census,state_forest_domain_and_users,"canton_forestier,caidat",forest_acreage_cork_oak; forest_acreage_aleppo_pine; cork_harvest_tonnage_liege; charcoal_kilns_production; forest_dwelling_user_population,"Cadastral forestry census of the state forest domain (Kroumirie, Mogods, Dorsale), recording cork-oak harvest tonnages, timber concessions, and registered forest-user populations (*populations usagères*)."
1904,1904-1955,"Statistique générale de la Tunisie : Mouvement naturel de la population (Naissances, mariages, décès et mortalité infantile)",Statistique générale de la Tunisie / Bureau de la Statistique,cb328727346,ark:/12148/cb328727346,https://gallica.bnf.fr/ark:/12148/cb328727346,Secrétariat général du gouvernement tunisien,Tunis,1905-1955,vital_statistics_serial,civil_status_registrations,"commune,controle_civil,caidat",annual_births_muslim; annual_births_jewish; annual_births_european; annual_deaths_muslim; annual_deaths_jewish; annual_deaths_european; infant_mortality_rate; natural_increase_rate,"Continuous annual vital statistics series recording live births, stillbirths, deaths by age group, and civil marriages across ethnic and religious communities."
1905,1905-03-01,Recensement des centres de colonisation et des villages de peuplement français en Tunisie,Direction générale de l'Agriculture et de la Colonisation,cb32757727j,ark:/12148/cb32757727j,https://gallica.bnf.fr/ark:/12148/cb32757727j,Imprimerie générale,Tunis,1905-1938,Colonization Centers Census & Cadastral Register,Périmètres de colonisation officielle (Nord et Centre),Centres de colonisation (villages créés par décret),"Date de création par décret, superficie totale du périmètre, nombre de lots concédés, chefs de famille installés (Français de métropole vs Français d'Algérie), cheptel initial","Exhaustive inventory of state-sponsored settlement villages (Massicault, Pont-du-Fahs, Saint-Arnaud, Thibar, etc.) testing the spatial effects of intentional colonization."
1905,1900-1938,"Statistique générale des pêches maritimes en Tunisie (Recensement des embarcations, marins et pêcheurs d'éponges)",Statistique générale de la Tunisie / Bulletin des travaux publics,cb328727346,ark:/12148/cb328727346,https://gallica.bnf.fr/ark:/12148/cb328727346,Direction des Travaux Publics / Service de la Marine Marchande et des Pêches,Tunis,1906,maritime_and_fisheries_census,coastal_and_island_populations,"port_commune,quartier_maritime,archipel",fishermen_tunisian_muslim; fishermen_italian_sicilian; fishermen_maltese_greek; vessels_count; sponge_fleets_kerkennah_zarzis; coastal_fish_tonnage,"Exhaustive annual census of maritime populations, active fishing fleet vessels, and sponge-fishing diving crews across all Tunisian maritime districts (Bizerte, La Goulette, Sousse, Sfax, Kerkennah, Djerba, Zarzis)."
1906,1906-04-15,Dénombrement de la population civile européenne de la Tunisie au 15 avril 1906,Statistique générale de la Tunisie - Année 1906,cb328727346,ark:/12148/cb328727346,https://gallica.bnf.fr/ark:/12148/cb328727346,"Direction générale de l'agriculture, du commerce et de la colonisation",Tunis,1907,european_census,all_europeans,"controle_civil,commune,centre_colonisation",pop_french; pop_italian; pop_maltese; pop_other_european; pop_european_total; sex; age_brackets,First census expanded to all European nationalities (Italians outnumber French). Native population estimated.
1906,1906-1935,"Statistique du Kanoun et de l'Achour (Recensement fiscal des oliviers, palmiers et du cheptel)","Bulletin de la Direction générale de l'agriculture, du commerce et de la colonisation / Statistique générale",cb32757727j,ark:/12148/cb32757727j,https://gallica.bnf.fr/ark:/12148/cb32757727j,"Direction générale de l'Agriculture, du Commerce et de la Colonisation",Tunis,1907,agrarian_fiscal_census,native_rural_producers,"controle_civil,caidat,cheikhat",count_olive_trees_kanoun; count_date_palms_kanoun; cereal_acreage_achour; livestock_bovines; livestock_ovines; livestock_caprines; livestock_camels,Exhaustive annual fiscal tree-by-tree and livestock head count conducted by French controllers and caïds across all cheikhats for tax assessment.
1907,1907-1955,"Sociétés Indigènes de Prévoyance (SIP) : Rôles des fellahs adhérents, prêts de semences et silos coopératifs",Direction de l Intérieur et de la Prévoyance sociale,cb328727346,ark:/12148/cb328727346,https://gallica.bnf.fr/ark:/12148/cb328727346,Imprimerie officielle,Tunis,1908-1955,agrarian_microcredit_and_peasant_census,indigenous_agricultural_operators,"caidat,cheikhat",fellahs_members_count; seed_loans_metric_quintals; cash_advances_francs; drought_relief_beneficiaries,"Compulsory mutual aid societies for Muslim farmers, enumerating peasant heads of household receiving seasonal seed credits and agricultural equipment advances."
1907,1907-1956,"Statistique des Sociétés Indigènes de Prévoyance (SIP : Secours, prêts de semences et sociétaires fellahs)",Rapports sur le fonctionnement des Sociétés Indigènes de Prévoyance / Journal officiel tunisien,cb328014521,ark:/12148/cb328014521,https://gallica.bnf.fr/ark:/12148/cb328014521,Direction générale des Finances / Conseil de surveillance des SIP,Tunis,1908,rural_credit_welfare_and_drought_census,indigenous_peasant_farmers_fellahs,"societe_prevoyance,caidat",societaires_fellahs_count; seed_grain_loans_quintals; subsistence_loans_soudure_francs; grain_reserve_silos_capacity; drought_relief_beneficiaries,"Exhaustive annual census of rural peasant farmers enrolled in the SIP, tracking seasonal seed loans, cash relief, emergency grain reserve silos, and peasant vulnerability to drought across every caïdat."
1908,1908-08-02,"Rapports annuels du Bureau municipal d'hygiène de Tunis : Mouvement démographique, mortalité par quartier et morbidité épidémique (1908-1940)",Direction de la Voirie et des Travaux municipaux. Ville de Tunis,cb328014521,ark:/12148/bpt6k5402194x,https://gallica.bnf.fr/ark:/12148/bpt6k5402194x,Société anonyme de l'Imprimerie rapide,Tunis,1909-1940,Municipal Hygiene & Vital Statistics Report,Commune de Tunis (Grand Tunis et banlieues),"Quartiers municipaux (Médina, Bab Souika, Bab El Jazira, Quartier européen, Hara juive)","Décès par quartier et par cause médicale (typhus, peste, tuberculose, gastro-entérite infantile), naissances, mortalité infantile par groupe ethnique, permis d'inhumer, assainissement urbain",Pioneering micro-spatial public health data series created by Dr. Ernest Conseil; allows neighborhood-level demographic and epidemiological econometric modeling of the colonial metropolis.
1908,1905-1940,Statistique du service vétérinaire et des épizooties (Police sanitaire du cheptel et mortalité animale),Bulletin de la Direction générale de l'agriculture / Statistique générale,cb32757727j,ark:/12148/cb32757727j,https://gallica.bnf.fr/ark:/12148/cb32757727j,Direction générale de l'Agriculture / Service Vétérinaire,Tunis,1909,epizootic_and_livestock_health_census,rural_herds_and_flocks,"controle_civil,caidat,poste_sanitaire",sheep_pox_clavelee_foci; anthrax_outbreaks_count; livestock_mortality_headcount; vaccinations_administered; quarantined_animals_border,"Regional epidemiological census of livestock health, pastoral herd mortality, and quarantine controls across pastoral caïdats."
1910,1910-1935,Statistique des terres de colonisation et des concessions agricoles (Colonisation officielle et privée),Bulletin de la Direction générale de l'agriculture / Statistique générale de la Tunisie,cb32757727j,ark:/12148/cb32757727j,https://gallica.bnf.fr/ark:/12148/cb32757727j,Direction générale de l'Agriculture / Service de la colonisation,Tunis,1911,land_concession_census,colonial_agricultural_estates,"controle_civil,caidat,centre_colonisation",concession_acreage_french; concession_acreage_italian; number_of_colonial_farms; settler_families_count; expropriated_habous_acreage,"Censuses of European landholding, agricultural colonization lots, and European agrarian settlement across rural caïdats."
1911,1911-03-05,Dénombrement de la population civile européenne et dénombrement estimatif de la population indigène au 5 mars 1911,Statistique générale de la Tunisie - Année 1911,cb328727346,ark:/12148/bpt6k5852403j,https://gallica.bnf.fr/ark:/12148/bpt6k5852403j,"Direction générale de l'agriculture, du commerce et de la colonisation",Tunis,1912,european_census_with_indigenous_estimates,all_europeans_and_native_estimates,"controle_civil,caidat,commune",pop_french; pop_italian; pop_maltese; pop_other_european; pop_tunisian_muslim_est; pop_tunisian_jewish_est; pop_total_est,European nominal count paired with fiscal-based native estimates across caïdats.
1912,1906-1956,"Archives de l'Institut Pasteur de Tunis : Enquêtes démographiques, épidémiologiques et sanitaires",Archives de l'Institut Pasteur de Tunis,cb343779032,ark:/12148/cb343779032,https://gallica.bnf.fr/ark:/12148/cb343779032,Institut Pasteur de Tunis (Dir. Charles Nicolle),Tunis,1912,epidemiological_sanitary_census,national_and_tribal_foci,"controle_civil,caidat,oasis,nomadic_camp",cause_specific_mortality; infant_mortality_rate; malaria_splenic_index; typhus_foci_cases; tuberculosis_prevalence; trachoma_index,"Serial scientific quarterly reporting detailed regional mortality, disease incidence, and sanitary censuses across Tunisian towns, oases, and nomadic confederations."
1918,1914-1919,Recrutement militaire et contingents du 4e Régiment de Tirailleurs Tunisiens (Circonscriptions de conscription et pertes 1914-1918),Historiques des corps de troupe coloniaux / Journal officiel tunisien,cb34015671k,ark:/12148/bpt6k6327338z,https://gallica.bnf.fr/ark:/12148/cb328014521,Commandement supérieur des troupes de Tunisie / Ministère de la Guerre,Tunis / Paris,1920,military_conscription_and_casualty_census,male_cohort_age_19_to_25,"controle_civil,caidat,cheikhat",conscripted_men_indigenous; volunteers_count; mobilized_cohort_size; casualties_dead_for_france; wounded_and_invalids_pensions,"Administrative census of indigenous conscription contingents and military casualties per caïdat and cheikhat during WWI, offering critical micro-demographic data on young male cohorts."
1920,1920-05-01,"Enquête sur les salaires ouvriers, le coût de la vie et le chômage en Tunisie (Direction du travail)",Direction du Travail et du Commerce de la Régence de Tunis,cb328727346,ark:/12148/cb328727346,https://gallica.bnf.fr/ark:/12148/cb328727346,Imprimerie rapide,Tunis,1921-1955,Labor Market & Wage Survey,Centres urbains et bassins miniers,"Grandes villes, Mines, Ports","Taux de salaire journalier par qualification et ethnicité (ouvrier européen vs ouvrier tunisien), indice des prix de détail des 21 denrées de base, effectifs au chômage, grèves","Empirical foundation for assessing the colonial wage gap, standard of living trends, and labor mobilization across the interwar and post-WWII eras."
1920,1890-1956,Statistique des fondations pieuses et des biens Habous (Enquête foncière sur les biens de mainmorte),Statistique générale de la Tunisie / Publications de l'Administration des Habous,cb328727346,ark:/12148/cb328727346,https://gallica.bnf.fr/ark:/12148/cb328727346,Administration générale des Habous / Direction des Finances,Tunis,1921,religious_endowment_habous_census,habous_properties_and_tenants,"controle_civil,caidat,fondation_habous",habous_public_acreage; habous_private_acreage; habous_olive_trees_count; enzel_perpetual_leases_count; peasant_tenant_families; endowment_revenue_francs,"Territorial surveys of public (*aziza*) and familial (*khass*) religious endowment properties, counting perpetual tenant farmers (*enzélistes*), olive groves, and agricultural rents per caïdat."
1921,1921-03-06,Dénombrement de la population civile européenne et indigène en Tunisie au 6 mars 1921,Recensement de 1921,cb32755776c,ark:/12148/cb32755776c,https://gallica.bnf.fr/ark:/12148/cb32755776c,Direction générale de l'Intérieur,Tunis,1922,general_census,comprehensive,"controle_civil,caidat,cheikhat,commune",pop_french; pop_italian; pop_maltese; pop_other_european; pop_tunisian_muslim; pop_tunisian_jewish; pop_other_indigenous; pop_total; households,First comprehensive general census of Tunisia covering both indigenous (Muslims and Jews) and European populations by caïdat and cheikhat.
1924,1923-1954,Statistique des naturalisations françaises accordées en Tunisie (Décret du 20 décembre 1923 et législation consécutive),Bulletin de la Statistique générale de la France / Statistique générale de la Tunisie,cb328727346,ark:/12148/cb328727346,https://gallica.bnf.fr/ark:/12148/cb328727346,Résidence générale de France en Tunisie / Ministère de la Justice,Tunis / Paris,1925,citizenship_and_naturalization_census,naturalized_citizens_by_origin,"controle_civil,commune,caidat",naturalizations_tunisian_muslims; naturalizations_tunisian_jews; naturalizations_italians; naturalizations_maltese; professions_of_naturalized_citizens,"Official census of French naturalizations granted under the disputed 1923 decree, detailing nationality of origin, religion, profession, and residence, reflecting Franco-Italian diplomatic competition."
1925,1910-1955,Statistique de l'industrie oléicole : Recensement des huileries traditionnelles (maasras) et modernes,Statistique générale de la Tunisie / Publications de l'Office de l'Huile,cb328727346,ark:/12148/cb328727346,https://gallica.bnf.fr/ark:/12148/cb328727346,Office de l'Huile de Tunisie / Direction générale de l'Agriculture,Tunis,1926,agro_industrial_olive_mill_census,olive_processing_establishments,"commune,centre_oleicole,caidat",traditional_animal_presses_maasras; modern_hydraulic_steam_mills; crushing_capacity_quintals_per_day; oil_extraction_production_tonnage; seasonal_press_workers_headcount,"Comprehensive census of olive-processing agro-industrial facilities, differentiating traditional animal-driven presses (*maasras*) from European steam/hydraulic mills, with worker counts and extraction yields by caïdat."
1925,1925-11-01,"Statistique des palmeraies, des eaux d'irrigation et du peuplement oasien du Djérid et du Nefzaoua",Services des Affaires Indigènes et de l'Agriculture du Sud,cb32861655f,ark:/12148/cb32861655f,https://gallica.bnf.fr/ark:/12148/cb32861655f,Imprimerie officielle,Tunis,1926-1952,Oasis Demographics & Palm Census,"Oasis de Tozeur, Nefta, Degache, Kébili, Douz, El Hamma de Gabès","Oasis, Cheikhat oasien","Recensement des palmiers Deglet Nour et palmiers communs, répartition des droits d'eau traditionnels (Gadous / Kharrouba), métayers oasiens (Khammès), population sédentaire vs nomade","Detailed demographic and agrarian survey of southern Tunisian oasis agrarian structures, tenure relations, and water share divisions."
1926,1926-04-20,Dénombrement de la population civile européenne en Tunisie au 20 avril 1926,Recensement de 1926 (Fascicule II: Européens),cb32755777q,ark:/12148/cb32755777q,https://gallica.bnf.fr/ark:/12148/cb32755777q,Direction générale de l'Intérieur,Tunis,1927,general_census_european,european_population,"controle_civil,caidat,commune,centre_colonisation",pop_french; pop_italian; pop_maltese; pop_other_european; pop_european_total; sex; age_brackets; professions,Companion volume to the 1926 indigenous census detailing European population.
1926,1926-04-20,Dénombrement de la population civile indigène (musulmane et israélite) en Tunisie au 20 avril 1926,Recensement de 1926 (Fascicule I: Indigènes),cb32755777q,ark:/12148/cb32755777q,https://gallica.bnf.fr/ark:/12148/cb32755777q,Direction générale de l'Intérieur,Tunis,1927,general_census_indigenous,indigenous_population,"controle_civil,caidat,cheikhat,commune",pop_tunisian_muslim; pop_tunisian_jewish; pop_other_indigenous; pop_indigenous_total; households; sedentary_vs_nomadic,Published in two complementary fascicules. This volume contains complete cheikhat breakdowns for the native population.
1928,1883-1930,L'œuvre scolaire de la France en Tunisie (1883-1930) et Statistiques de l'enseignement,Publications de la Direction générale de l'instruction publique et des beaux-arts,cb328727346,ark:/12148/cb328727346,https://gallica.bnf.fr/ark:/12148/cb328727346,Direction générale de l'Instruction publique et des Beaux-Arts,Tunis,1930,educational_census,all_schools_and_students,"controle_civil,commune,centre_scolaire",schools_count_public; schools_count_private_and_kuttab; pupils_french; pupils_italian; pupils_maltese; pupils_tunisian_muslim; pupils_tunisian_jewish; pupils_girls_boys,"Exhaustive census of schools and student enrollment by religion, nationality, and gender across all towns and localities in Tunisia (as used by Ben Salah, Chambru, & Fourati 2024)."
1930,1928-1953,Recensement de la circulation sur les routes nationales et régionales de la Tunisie (Comptages routiers),Statistique générale de la Tunisie / Bulletin des Travaux Publics,cb328727346,ark:/12148/cb328727346,https://gallica.bnf.fr/ark:/12148/cb328727346,Direction générale des Travaux Publics / Service des Ponts et Chaussées,Tunis,1931,road_traffic_and_transport_census,classified_road_network,"poste_de_comptage,axe_routier,controle_civil",daily_traffic_automobiles; daily_traffic_trucks_and_buses; animal_drawn_carts_count; camel_caravans_count; total_gross_tonnage_transported,"Periodic 24-hour and seasonal census of vehicular and animal traffic on key highway and provincial road intersections, capturing the mechanization of inter-regional transport."
1931,1931-03-22,Dénombrement de la population civile européenne en Tunisie au 22 mars 1931,Recensement de 1931 (Fascicule II: Européens),cb327557782,ark:/12148/bpt6k992053d,https://gallica.bnf.fr/ark:/12148/bpt6k992053d,Direction générale de l'Intérieur,Tunis,1932,general_census_european,european_population,"controle_civil,caidat,commune,centre_colonisation",pop_french; pop_italian; pop_maltese; pop_other_european; pop_european_total; sex; age_brackets; professions; education_level,European volume for 1931. Contains granular town and center level data.
1931,1931-03-22,Dénombrement de la population civile indigène (musulmane et israélite) en Tunisie au 22 mars 1931,Recensement de 1931 (Fascicule I: Indigènes),cb327557782,ark:/12148/bpt6k992053d,https://gallica.bnf.fr/ark:/12148/bpt6k992053d,Direction générale de l'Intérieur,Tunis,1932,general_census_indigenous,indigenous_population,"controle_civil,caidat,cheikhat,commune",pop_tunisian_muslim; pop_tunisian_jewish; pop_indigenous_total; households; tents_and_gourbis; houses_in_hard_materials,"Third quinquennial general census. Includes detailed housing indicators (maisons, gourbis, tentes) by cheikhat."
1935,1925-1940,Dénombrement des tribus nomades et semi-nomades : Enquête sur le nomadisme et la transhumance (Achaba),Publications de la Direction de l'Intérieur et des Affaires Indigènes,cb32861655f,ark:/12148/cb32861655f,https://gallica.bnf.fr/ark:/12148/cb32861655f,Direction de l'Intérieur / Service des Renseignements et des Contrôles Civils,Tunis,1935,pastoral_and_nomadism_census,steppe_and_saharan_pastoralists,"caidat,confederation_tribale,fraction_douar",tents_count_khaimas; sedentary_vs_tent_dwelling_ratio; transhumant_flocks_size; tribal_fraction_sheikhs; summer_tell_pasture_migrants,"Monographic and administrative counts of mobile pastoralist populations in the Central and Southern steppes (Hammama, Fraichiche, Ouerghemma, Beni Zid, M'razig), recording tent counts and seasonal pastoral migrations."
1936,1936-03-12,Dénombrement de la population civile européenne et tunisienne en Tunisie au 12 mars 1936,Statistique générale de la Tunisie - Année 1936 / Recensement de 1936,cb32755779d,ark:/12148/bpt6k91056547,https://gallica.bnf.fr/ark:/12148/bpt6k91056547,"Direction générale de l'Agriculture, du Commerce et de la Colonisation / Service de la statistique générale",Tunis,1937,general_census,comprehensive,"controle_civil,caidat,cheikhat,commune",pop_french; pop_italian; pop_maltese; pop_other_european; pop_tunisian_muslim; pop_tunisian_jewish; pop_foreign_indigenous; pop_total; households; sex_ratio; urban_rural,Benchmark pre-WWII general census combining both European and native populations in a single unified volume with complete cheikhat breakdowns.
1936,1936-03-12,Recensement de la population active par branches économiques et professions (Recensements de 1936 et 1946),Direction générale des Finances / Service de la statistique générale,cb328727346,ark:/12148/cb328727346,https://gallica.bnf.fr/ark:/12148/cb328727346,Imprimerie rapide,Tunis,1938,labor_and_occupational_census,active_labor_force,"controle_civil,caidat,commune",pop_active_agriculture; pop_active_mining_industry; pop_active_crafts_artisans; pop_active_commerce_transport; pop_active_public_administration; pop_inactive,"Granular occupational structure of the Tunisian and European population, disaggregating agricultural laborers, khammès, phosphate miners, dockers, craftsmen, and civil servants."
1936,1936-03-12,"Recensement des logements, habitations et locaux : Maisons en dur, gourbis, tentes et troglodytes",Recensement général de la population de 1936,cb328727346,ark:/12148/cb328727346,https://gallica.bnf.fr/ark:/12148/cb328727346,Imprimerie rapide,Tunis,1937,housing_and_dwelling_census,all_residential_structures,"commune,caidat,cheikhat",maisons_maconnerie; gourbis_ruraux; tentes_nomades; habitations_troglodytiques; menages_recenses; pieces_par_logement,"Exhaustive census of physical dwelling types across Tunisia, capturing traditional rural gourbis, Bedouin tents, and troglodytic dwellings in Matmata and Tataouine."
1941,1941-10-15,Recensement spécial des Israélites de Tunisie (Application du statut des Juifs sous le régime de Vichy),Publications officielles du Secrétariat général du gouvernement tunisien,cb328014521,ark:/12148/cb328014521,https://gallica.bnf.fr/ark:/12148/cb328014521,Résidence générale de France en Tunisie (Amiral Esteva) / Journal Officiel Tunisien,Tunis,1941,special_confessional_census,jewish_population_exhaustive,"controle_civil,caidat,commune",pop_jewish_tunisian; pop_jewish_french; pop_jewish_italian_livornese; pop_jewish_foreign; jewish_owned_enterprises; real_estate_holdings; professions_distribution,Nominal and statistical census of all Jewish persons and businesses executed under the Vichy antisemitic statutes of June/September 1941.
1945,1922-1952,Recensement électoral et listes des électeurs au Grand Conseil de la Tunisie (Sections française et tunisienne),Journal officiel tunisien / Publications administratives,cb328014521,ark:/12148/cb328014521,https://gallica.bnf.fr/ark:/12148/cb328014521,Secrétariat général du gouvernement tunisien,Tunis,1946,electoral_census,qualified_voters_and_notables,"circonscription_electorale,caidat,commune",registered_voters_french_section; registered_voters_tunisian_section; taxpayer_notables_count; chambers_of_commerce_voters; chambers_of_agriculture_voters,"Censuses of voters and taxpaying elites eligible to vote for the Grand Conseil, chambers of commerce, and chambers of agriculture by caïdat and electoral district."
1946,1946-10-01,"Bulletin économique et social de la Tunisie (BEST) : Enquêtes démographiques, économiques et structures agraires (1946-1955)",Résidence générale de France en Tunisie. Direction de l'Information,cb344265778,ark:/12148/cb344265778,https://gallica.bnf.fr/ark:/12148/cb344265778,Direction de l'Information (Résidence générale),Tunis,1946-1955,Economic and Demographic Bulletin,Régence de Tunis (All regions and sectors),"Contrôle Civil, Caïdat, Centres urbains","Estimations intercensitaires de la population, recensements des entreprises industrielles, indices des salaires et du coût de la vie, production céréalière et oléicole, emploi par branche",Crucial postwar socioeconomic serial providing continuous annual intercensal indicators connecting the 1946 and 1956 general censuses.
1946,1946-11-01,Recensement général de la population de la Tunisie du 1er novembre 1946,Publications du Service des statistiques,cb34015672x,ark:/12148/cb34015672x,https://gallica.bnf.fr/ark:/12148/cb34015672x,Service des statistiques / Secrétariat général du gouvernement tunisien,Tunis,1947,general_census,comprehensive,"controle_civil,region,caidat,commune",pop_tunisian_muslim; pop_tunisian_jewish; pop_french; pop_italian; pop_other; pop_total; age_pyramids; sex; marital_status; socio_professional_categories,First census with mechanized Hollerith processing and comprehensive demographic/sociodemographic structures.
1950,1936-1954,"Enquête sur l'habitat, les bidonvilles et la population gourbivilloise de Tunis et des grands centres",Publications de la Direction de l'Urbanisme et de l'Habitat / Monographies de l'IHEST,cb32861655f,ark:/12148/cb32861655f,https://gallica.bnf.fr/ark:/12148/cb32861655f,Secrétariat général du gouvernement / Direction de l'Urbanisme et de l'Habitat (Paul Sebag & Jacques Berque),Tunis,1951,urban_housing_and_slum_demographic_census,metropolitan_substandard_dwellings,"commune,quartier,ilot_urbain,gourbiville",gourbi_dwellings_count; shack_slum_dwellers_count; overcrowding_rooms_ratio; migrant_origin_by_caidat; informal_employment_rate,"Precise sociodemographic censuses of urban housing conditions, overcrowding in the Medina and Hara, and the growth of peripheral shantytowns (Borgel, Djebel Djelloud, Saïda Manoubia, Mellassine) tracking rural exodus by caïdat of origin."
1956,1956-02-01,Recensement général de la population de la Tunisie du 1er février 1956 : répartition géographique de la population,Publications du Service des statistiques,cb340156739,ark:/12148/cb340156739,https://gallica.bnf.fr/ark:/12148/cb340156739,Service des statistiques / Secrétariat général du gouvernement tunisien,Tunis,1957,general_census,comprehensive,"circonscription,caidat,cheikhat,commune",pop_tunisian_muslim; pop_tunisian_jewish; pop_french; pop_italian; pop_other_foreign; pop_total; households; housing_types; economic_activity,Final colonial-era general census conducted weeks before independence (20 March 1956). Forms the baseline bridge to independent Tunisia (1966 RGPH).
